timestamp,belt_speed,motor_current,bearing_temp_1,bearing_temp_2,bearing_temp_3,bearing_temp_4,vibration_rms_1,vibration_rms_2,vibration_rms_3,vibration_rms_4,tonnes_per_hour,alignment_deviation
2026-04-19T00:00:00.000Z,1.17,62.3,44.2,45.4,44.5,42.6,1.39,1.50,1.51,1.40,954,2.10
2026-04-19T00:00:10.000Z,1.19,64.6,44.2,45.2,44.4,44.4,1.51,1.70,1.46,1.24,942,1.96
2026-04-19T00:00:20.000Z,1.21,64.5,43.3,46.7,44.5,42.6,1.28,1.61,1.50,1.37,947,2.03
2026-04-19T00:00:30.000Z,1.19,64.1,44.4,46.4,44.7,43.4,1.30,1.52,1.44,1.23,951,2.16
2026-04-19T00:00:40.000Z,1.20,63.2,43.4,45.5,44.3,43.1,1.36,1.70,1.52,1.24,955,2.15
2026-04-19T00:00:50.000Z,1.17,62.9,43.3,47.0,44.3,44.3,1.48,1.58,1.48,1.26,925,2.11
2026-04-19T00:01:00.000Z,1.16,62.7,44.2,46.4,44.5,42.9,1.33,1.65,1.51,1.36,948,2.30
2026-04-19T00:01:10.000Z,1.17,62.5,43.3,46.1,44.6,44.5,1.38,1.66,1.44,1.21,923,2.30
2026-04-19T00:01:20.000Z,1.21,64.4,43.3,45.8,44.4,43.5,1.49,1.70,1.40,1.26,941,1.96
2026-04-19T00:01:30.000Z,1.17,62.0,44.3,45.7,44.5,43.0,1.42,1.65,1.46,1.32,929,2.03
2026-04-19T00:01:40.000Z,1.18,64.8,43.5,46.8,44.7,43.6,1.51,1.48,1.41,1.31,940,2.37
2026-04-19T00:01:50.000Z,1.21,64.1,44.6,45.6,44.5,43.9,1.29,1.56,1.44,1.35,959,1.82
2026-04-19T00:02:00.000Z,1.18,62.9,44.3,46.3,44.5,43.0,1.46,1.60,1.38,1.37,949,2.34
2026-04-19T00:02:10.000Z,1.19,63.6,45.0,47.0,44.5,44.1,1.29,1.61,1.47,1.25,950,1.81
2026-04-19T00:02:20.000Z,1.21,63.3,43.7,46.2,44.5,42.6,1.38,1.62,1.39,1.23,924,1.95
2026-04-19T00:02:30.000Z,1.17,63.7,43.9,46.9,44.6,43.7,1.37,1.65,1.42,1.38,955,2.13
2026-04-19T00:02:40.000Z,1.19,64.2,44.2,45.6,44.4,43.0,1.30,1.56,1.44,1.36,946,2.30
2026-04-19T00:02:50.000Z,1.17,64.1,43.9,45.7,44.6,43.5,1.46,1.65,1.42,1.36,958,2.28
2026-04-19T00:03:00.000Z,1.20,62.5,44.2,46.0,44.6,42.5,1.38,1.49,1.50,1.25,935,2.38
2026-04-19T00:03:10.000Z,1.19,63.8,43.2,46.0,44.5,44.4,1.31,1.51,1.50,1.39,951,1.87
2026-04-19T00:03:20.000Z,1.16,64.4,44.7,46.7,44.6,42.7,1.44,1.71,1.47,1.32,956,2.26
2026-04-19T00:03:30.000Z,1.20,63.3,44.6,45.5,44.5,43.7,1.34,1.51,1.44,1.23,952,2.21
2026-04-19T00:03:40.000Z,1.16,62.7,43.2,46.6,44.7,43.3,1.38,1.51,1.39,1.37,930,2.07
2026-04-19T00:03:50.000Z,1.19,63.1,44.4,45.6,44.4,44.4,1.47,1.49,1.50,1.24,932,2.00
2026-04-19T00:04:00.000Z,1.21,64.4,43.9,45.1,44.6,43.4,1.50,1.49,1.48,1.22,949,1.97
2026-04-19T00:04:10.000Z,1.17,64.6,44.4,45.1,44.6,42.9,1.33,1.66,1.40,1.28,959,2.26
2026-04-19T00:04:20.000Z,1.18,63.5,44.4,45.4,44.3,43.5,1.44,1.72,1.41,1.28,955,2.15
2026-04-19T00:04:30.000Z,1.17,64.8,44.9,46.3,44.6,44.5,1.36,1.53,1.49,1.31,924,1.85
2026-04-19T00:04:40.000Z,1.19,64.6,44.3,46.5,44.5,44.0,1.31,1.51,1.43,1.30,931,1.93
2026-04-19T00:04:50.000Z,1.15,62.1,44.5,45.7,44.5,43.4,1.48,1.57,1.46,1.37,930,2.16
2026-04-19T00:05:00.000Z,1.16,63.6,43.4,45.9,44.4,44.5,1.38,1.67,1.52,1.31,953,1.97
2026-04-19T00:05:10.000Z,1.17,64.7,44.2,45.4,44.5,43.1,1.52,1.56,1.39,1.34,952,2.39
2026-04-19T00:05:20.000Z,1.18,64.0,43.4,46.6,44.5,43.2,1.50,1.69,1.48,1.26,944,1.89
2026-04-19T00:05:30.000Z,1.16,62.2,44.5,45.4,44.6,43.5,1.44,1.65,1.39,1.21,942,2.24
2026-04-19T00:05:40.000Z,1.20,63.0,43.8,47.0,44.4,44.1,1.33,1.71,1.42,1.26,931,2.32
2026-04-19T00:05:50.000Z,1.20,62.9,44.3,45.7,44.3,42.6,1.50,1.61,1.44,1.38,936,2.32
2026-04-19T00:06:00.000Z,1.16,63.3,44.0,45.4,44.7,43.1,1.52,1.56,1.46,1.22,923,2.28
2026-04-19T00:06:10.000Z,1.16,64.7,44.4,46.3,44.5,43.0,1.29,1.56,1.49,1.29,927,1.84
2026-04-19T00:06:20.000Z,1.18,63.7,43.7,45.1,44.6,42.6,1.52,1.65,1.51,1.35,930,2.14
2026-04-19T00:06:30.000Z,1.16,63.7,44.3,46.4,44.5,42.9,1.43,1.62,1.51,1.38,932,1.85
2026-04-19T00:06:40.000Z,1.18,64.6,44.8,46.2,44.5,43.2,1.47,1.68,1.49,1.35,934,2.07
2026-04-19T00:06:50.000Z,1.19,63.1,43.7,45.4,44.6,43.5,1.36,1.57,1.43,1.31,958,2.02
2026-04-19T00:07:00.000Z,1.18,62.9,44.2,45.8,44.5,42.8,1.33,1.63,1.52,1.23,948,2.33
2026-04-19T00:07:10.000Z,1.19,63.2,44.2,45.8,44.6,43.6,1.34,1.62,1.51,1.20,946,1.87
2026-04-19T00:07:20.000Z,1.19,62.4,44.4,46.8,44.4,44.2,1.33,1.70,1.41,1.23,949,2.08
2026-04-19T00:07:30.000Z,1.18,62.4,44.9,45.3,44.4,44.0,1.50,1.72,1.42,1.37,942,2.17
2026-04-19T00:07:40.000Z,1.20,64.9,43.8,46.1,44.3,43.4,1.34,1.68,1.38,1.36,950,1.86
2026-04-19T00:07:50.000Z,1.19,64.5,44.0,46.6,44.5,43.6,1.41,1.53,1.51,1.37,933,2.32
2026-04-19T00:08:00.000Z,1.20,64.2,44.0,46.0,44.4,44.1,1.34,1.52,1.52,1.23,931,2.17
2026-04-19T00:08:10.000Z,1.18,63.6,44.7,45.2,44.4,42.8,1.39,1.62,1.45,1.35,940,2.12
2026-04-19T00:08:20.000Z,1.18,63.2,44.5,45.7,44.6,43.4,1.36,1.62,1.44,1.38,957,2.18
2026-04-19T00:08:30.000Z,1.18,62.1,43.3,46.5,44.4,43.1,1.32,1.55,1.38,1.28,933,1.91
2026-04-19T00:08:40.000Z,1.20,63.5,43.6,46.4,44.7,43.7,1.48,1.59,1.50,1.34,959,2.18
2026-04-19T00:08:50.000Z,1.17,63.6,43.6,46.0,44.5,43.5,1.32,1.57,1.49,1.26,938,2.37
2026-04-19T00:09:00.000Z,1.17,63.9,44.2,45.7,44.4,43.6,1.50,1.66,1.52,1.34,931,2.14
2026-04-19T00:09:10.000Z,1.16,62.9,44.5,46.9,44.6,43.5,1.50,1.52,1.50,1.21,954,1.97
2026-04-19T00:09:20.000Z,1.18,63.5,44.4,45.8,44.3,42.9,1.29,1.57,1.52,1.31,959,2.13
2026-04-19T00:09:30.000Z,1.16,64.4,43.1,46.7,44.6,42.8,1.50,1.71,1.47,1.31,938,1.97
2026-04-19T00:09:40.000Z,1.17,64.9,43.6,45.4,44.7,42.8,1.46,1.48,1.50,1.26,944,1.83
2026-04-19T00:09:50.000Z,1.19,62.1,44.5,46.1,44.6,43.3,1.46,1.50,1.48,1.25,938,1.89
2026-04-19T00:10:00.000Z,1.16,64.7,43.3,45.5,44.6,44.2,1.45,1.67,1.47,1.25,951,1.92
2026-04-19T00:10:10.000Z,1.21,63.2,43.2,45.5,44.6,44.4,1.36,1.58,1.38,1.40,958,2.39
2026-04-19T00:10:20.000Z,1.17,64.4,43.8,45.6,44.4,43.3,1.30,1.64,1.40,1.30,944,2.21
2026-04-19T00:10:30.000Z,1.17,63.7,43.3,46.2,44.6,43.9,1.31,1.68,1.38,1.34,934,2.40
2026-04-19T00:10:40.000Z,1.17,62.3,45.0,45.5,44.5,42.8,1.51,1.50,1.38,1.25,935,2.17
2026-04-19T00:10:50.000Z,1.15,65.0,43.6,46.7,44.5,42.7,1.35,1.51,1.39,1.39,926,2.35
2026-04-19T00:11:00.000Z,1.18,63.9,43.2,46.7,44.6,43.0,1.29,1.66,1.47,1.39,924,1.82
2026-04-19T00:11:10.000Z,1.19,62.9,44.5,45.5,44.4,43.3,1.33,1.67,1.46,1.24,940,2.24
2026-04-19T00:11:20.000Z,1.16,63.5,44.6,45.3,44.7,44.4,1.50,1.69,1.46,1.31,937,2.09
2026-04-19T00:11:30.000Z,1.18,63.8,43.4,45.8,44.4,43.1,1.46,1.72,1.46,1.24,925,2.30
2026-04-19T00:11:40.000Z,1.19,62.1,43.8,46.5,44.4,43.5,1.41,1.63,1.42,1.39,928,1.83
2026-04-19T00:11:50.000Z,1.16,63.2,43.5,46.0,44.5,44.4,1.50,1.70,1.39,1.32,955,2.02
2026-04-19T00:12:00.000Z,1.17,63.4,44.0,46.8,44.6,43.0,1.43,1.51,1.38,1.39,942,2.16
2026-04-19T00:12:10.000Z,1.17,63.7,43.9,45.9,44.6,43.3,1.30,1.67,1.48,1.21,959,2.32
2026-04-19T00:12:20.000Z,1.20,63.3,43.6,46.2,44.3,43.3,1.41,1.58,1.42,1.28,941,2.08
2026-04-19T00:12:30.000Z,1.18,64.7,44.2,45.8,44.6,42.5,1.31,1.64,1.41,1.32,942,2.05
2026-04-19T00:12:40.000Z,1.19,62.9,44.2,45.1,44.4,43.1,1.38,1.71,1.38,1.34,936,1.96
2026-04-19T00:12:50.000Z,1.20,63.8,44.9,46.7,44.3,43.7,1.38,1.70,1.38,1.25,922,2.31
2026-04-19T00:13:00.000Z,1.16,62.7,44.5,46.0,44.4,42.5,1.38,1.56,1.43,1.34,935,1.96
2026-04-19T00:13:10.000Z,1.21,63.7,44.7,46.3,44.5,43.4,1.30,1.67,1.40,1.40,959,2.06
2026-04-19T00:13:20.000Z,1.18,62.6,43.6,45.5,44.5,43.1,1.50,1.63,1.47,1.33,957,2.27
2026-04-19T00:13:30.000Z,1.17,63.6,44.8,45.9,44.7,43.0,1.40,1.60,1.49,1.39,929,2.30
2026-04-19T00:13:40.000Z,1.15,63.9,43.3,45.4,44.5,44.0,1.50,1.55,1.46,1.36,953,1.88
2026-04-19T00:13:50.000Z,1.18,64.7,44.4,46.7,44.7,43.2,1.36,1.59,1.40,1.26,925,2.02
2026-04-19T00:14:00.000Z,1.19,62.3,44.4,46.0,44.4,43.5,1.35,1.58,1.41,1.22,940,2.28
2026-04-19T00:14:10.000Z,1.21,63.3,43.4,45.3,44.7,44.0,1.32,1.48,1.47,1.33,955,2.12
2026-04-19T00:14:20.000Z,1.18,63.9,44.1,46.4,44.6,43.9,1.39,1.53,1.40,1.23,925,2.32
2026-04-19T00:14:30.000Z,1.19,64.9,44.1,45.2,44.5,44.1,1.51,1.50,1.44,1.37,947,2.40
2026-04-19T00:14:40.000Z,1.17,64.4,43.1,46.9,44.6,42.6,1.41,1.67,1.38,1.34,927,2.31
2026-04-19T00:14:50.000Z,1.16,63.4,44.0,46.1,44.5,43.8,1.39,1.66,1.49,1.40,932,2.22
2026-04-19T00:15:00.000Z,1.17,64.7,43.8,46.6,44.4,42.7,1.36,1.58,1.41,1.27,946,2.29
2026-04-19T00:15:10.000Z,1.17,63.3,44.2,46.0,44.4,44.3,1.50,1.58,1.49,1.34,931,2.06
2026-04-19T00:15:20.000Z,1.16,63.9,44.9,45.0,44.6,42.7,1.41,1.70,1.51,1.30,951,2.25
2026-04-19T00:15:30.000Z,1.19,64.3,43.9,45.9,44.7,43.4,1.44,1.49,1.51,1.38,948,2.18
2026-04-19T00:15:40.000Z,1.16,64.3,43.7,45.3,44.6,44.1,1.49,1.55,1.38,1.31,931,2.00
2026-04-19T00:15:50.000Z,1.17,63.5,43.2,45.6,44.4,44.1,1.52,1.50,1.39,1.32,943,2.10
2026-04-19T00:16:00.000Z,1.20,63.8,43.7,46.8,44.5,43.3,1.36,1.49,1.38,1.35,928,2.40
2026-04-19T00:16:10.000Z,1.19,63.5,44.4,45.2,44.4,43.6,1.45,1.48,1.48,1.28,943,2.13
2026-04-19T00:16:20.000Z,1.18,62.5,44.8,45.2,44.3,44.0,1.42,1.60,1.40,1.39,937,1.93
2026-04-19T00:16:30.000Z,1.16,64.4,44.3,46.2,44.4,43.4,1.32,1.51,1.42,1.37,943,1.92
2026-04-19T00:16:40.000Z,1.19,62.9,45.0,45.1,44.5,44.0,1.34,1.52,1.45,1.39,941,1.96
2026-04-19T00:16:50.000Z,1.18,64.3,44.0,46.5,44.7,43.0,1.32,1.65,1.49,1.32,948,1.84
2026-04-19T00:17:00.000Z,1.19,63.6,44.9,46.8,44.5,43.0,1.38,1.59,1.39,1.21,935,1.88
2026-04-19T00:17:10.000Z,1.19,62.8,43.5,46.5,44.4,43.8,1.48,1.56,1.52,1.27,949,1.88
2026-04-19T00:17:20.000Z,1.16,64.3,43.8,46.3,44.6,43.2,1.30,1.51,1.39,1.36,929,2.30
2026-04-19T00:17:30.000Z,1.20,63.2,43.8,45.2,44.7,43.8,1.45,1.66,1.52,1.32,938,2.18
2026-04-19T00:17:40.000Z,1.16,64.3,44.6,45.4,44.6,43.8,1.50,1.69,1.46,1.28,935,1.82
2026-04-19T00:17:50.000Z,1.19,62.8,43.9,46.2,44.7,42.5,1.47,1.66,1.51,1.27,926,2.37
2026-04-19T00:18:00.000Z,1.16,63.4,43.5,46.9,44.5,42.9,1.39,1.56,1.39,1.39,934,2.38
2026-04-19T00:18:10.000Z,1.21,62.6,44.7,46.4,44.3,43.6,1.50,1.63,1.46,1.29,959,2.38
2026-04-19T00:18:20.000Z,1.15,62.4,43.7,46.1,44.5,43.5,1.36,1.51,1.49,1.31,952,2.18
2026-04-19T00:18:30.000Z,1.18,63.0,44.4,45.3,44.4,44.2,1.42,1.71,1.52,1.34,951,2.26
2026-04-19T00:18:40.000Z,1.17,62.8,43.6,46.7,44.5,44.2,1.45,1.71,1.45,1.23,949,2.05
2026-04-19T00:18:50.000Z,1.17,63.5,43.1,45.7,44.5,43.4,1.46,1.55,1.42,1.21,934,2.09
2026-04-19T00:19:00.000Z,1.17,62.9,44.0,46.3,44.7,43.1,1.29,1.65,1.47,1.24,937,2.31
2026-04-19T00:19:10.000Z,1.18,62.7,43.9,45.0,44.7,42.7,1.43,1.66,1.47,1.28,943,2.18
2026-04-19T00:19:20.000Z,1.17,62.9,44.8,45.3,44.4,43.2,1.35,1.61,1.43,1.23,923,2.32
2026-04-19T00:19:30.000Z,1.19,63.3,43.9,46.2,44.6,43.5,1.44,1.59,1.51,1.24,951,2.22
2026-04-19T00:19:40.000Z,1.17,62.4,44.8,45.2,44.4,43.6,1.40,1.62,1.48,1.36,944,1.92
2026-04-19T00:19:50.000Z,1.17,64.7,43.6,46.1,44.6,43.1,1.39,1.58,1.50,1.38,952,2.38
2026-04-19T00:20:00.000Z,1.19,64.7,44.7,45.3,44.4,42.7,1.52,1.59,1.52,1.30,935,1.97
2026-04-19T00:20:10.000Z,1.20,64.0,44.2,45.4,44.3,43.1,1.47,1.48,1.51,1.26,949,2.25
2026-04-19T00:20:20.000Z,1.15,64.2,44.4,46.1,44.4,44.0,1.37,1.67,1.49,1.36,934,1.96
2026-04-19T00:20:30.000Z,1.15,62.7,43.4,46.4,44.5,43.4,1.49,1.53,1.44,1.35,920,2.37
2026-04-19T00:20:40.000Z,1.21,64.1,44.7,47.0,44.3,42.5,1.49,1.53,1.48,1.32,953,2.09
2026-04-19T00:20:50.000Z,1.21,63.3,44.4,46.0,44.3,42.7,1.31,1.65,1.38,1.33,929,2.27
2026-04-19T00:21:00.000Z,1.17,63.1,43.3,45.3,44.7,42.6,1.30,1.66,1.45,1.28,947,1.88
2026-04-19T00:21:10.000Z,1.19,62.7,44.4,45.2,44.4,42.6,1.28,1.68,1.40,1.34,937,1.81
2026-04-19T00:21:20.000Z,1.19,63.0,44.2,45.2,44.3,43.0,1.47,1.48,1.50,1.35,929,2.05
2026-04-19T00:21:30.000Z,1.20,63.2,44.0,46.8,44.3,43.4,1.45,1.53,1.41,1.20,960,2.02
2026-04-19T00:21:40.000Z,1.18,63.1,43.7,45.5,44.7,43.8,1.44,1.64,1.43,1.30,946,2.29
2026-04-19T00:21:50.000Z,1.15,64.3,43.3,46.4,44.6,42.7,1.49,1.63,1.40,1.33,923,1.96
2026-04-19T00:22:00.000Z,1.18,63.5,44.7,46.4,44.6,43.0,1.34,1.49,1.38,1.35,959,2.26
2026-04-19T00:22:10.000Z,1.21,64.0,44.2,45.4,44.7,43.1,1.46,1.70,1.42,1.35,943,2.39
2026-04-19T00:22:20.000Z,1.19,62.1,44.9,46.2,44.6,42.9,1.52,1.51,1.39,1.35,946,2.21
2026-04-19T00:22:30.000Z,1.21,64.0,44.6,45.2,44.5,44.0,1.29,1.60,1.46,1.30,954,2.35
2026-04-19T00:22:40.000Z,1.15,64.9,44.8,45.3,44.7,43.7,1.51,1.50,1.40,1.25,939,1.95
2026-04-19T00:22:50.000Z,1.20,64.1,44.4,45.4,44.5,44.3,1.52,1.50,1.42,1.37,945,2.05
2026-04-19T00:23:00.000Z,1.21,64.2,44.4,46.5,44.6,43.0,1.32,1.60,1.41,1.27,942,2.38
2026-04-19T00:23:10.000Z,1.18,63.5,44.9,45.3,44.4,43.5,1.35,1.69,1.45,1.22,956,2.22
2026-04-19T00:23:20.000Z,1.17,63.1,43.8,45.9,44.5,42.7,1.43,1.68,1.38,1.26,927,1.88
2026-04-19T00:23:30.000Z,1.20,62.7,44.4,45.2,44.7,44.0,1.45,1.61,1.47,1.30,922,1.93
2026-04-19T00:23:40.000Z,1.18,64.0,43.8,46.6,44.5,44.0,1.40,1.52,1.42,1.21,955,1.85
2026-04-19T00:23:50.000Z,1.18,64.0,43.7,45.3,44.5,42.7,1.43,1.57,1.43,1.25,948,2.00
2026-04-19T00:24:00.000Z,1.18,62.5,44.7,46.5,44.6,43.5,1.38,1.56,1.49,1.33,949,2.19
2026-04-19T00:24:10.000Z,1.21,62.7,44.6,46.5,44.3,43.4,1.52,1.69,1.44,1.31,925,1.91
2026-04-19T00:24:20.000Z,1.15,64.6,43.5,45.8,44.4,43.2,1.48,1.54,1.39,1.24,923,1.89
2026-04-19T00:24:30.000Z,1.16,62.4,43.2,46.1,44.4,43.3,1.33,1.54,1.38,1.31,928,2.40
2026-04-19T00:24:40.000Z,1.15,64.1,44.4,46.1,44.4,43.8,1.30,1.62,1.52,1.26,932,2.07
2026-04-19T00:24:50.000Z,1.19,64.5,44.8,45.8,44.6,44.3,1.50,1.48,1.42,1.40,954,2.21
2026-04-19T00:25:00.000Z,1.19,62.3,44.7,46.3,44.4,42.6,1.40,1.69,1.43,1.28,943,2.07
2026-04-19T00:25:10.000Z,1.17,64.0,43.3,45.1,44.5,43.2,1.28,1.68,1.52,1.30,926,2.20
2026-04-19T00:25:20.000Z,1.20,62.0,43.7,45.7,44.6,43.2,1.31,1.65,1.51,1.37,948,2.39
2026-04-19T00:25:30.000Z,1.19,62.7,44.4,46.6,44.5,44.2,1.46,1.65,1.41,1.21,958,1.91
2026-04-19T00:25:40.000Z,1.16,64.8,44.4,45.1,44.7,43.1,1.50,1.61,1.50,1.36,923,2.27
2026-04-19T00:25:50.000Z,1.18,63.4,43.5,45.9,44.5,44.3,1.45,1.65,1.42,1.22,925,2.20
2026-04-19T00:26:00.000Z,1.16,64.4,44.5,45.0,44.5,42.9,1.50,1.62,1.48,1.22,942,1.80
2026-04-19T00:26:10.000Z,1.16,64.1,44.7,46.8,44.6,42.8,1.30,1.66,1.38,1.26,930,2.22
2026-04-19T00:26:20.000Z,1.17,63.6,44.9,45.9,44.6,44.5,1.35,1.70,1.46,1.34,946,2.36
2026-04-19T00:26:30.000Z,1.20,62.9,43.3,46.5,44.5,44.4,1.50,1.62,1.44,1.26,956,1.81
2026-04-19T00:26:40.000Z,1.16,63.4,43.1,45.5,44.7,43.9,1.51,1.53,1.46,1.24,939,1.80
2026-04-19T00:26:50.000Z,1.20,63.3,43.1,45.4,44.5,43.6,1.31,1.63,1.52,1.26,946,1.88
2026-04-19T00:27:00.000Z,1.16,63.8,43.1,47.0,44.6,42.8,1.35,1.65,1.47,1.35,922,1.90
2026-04-19T00:27:10.000Z,1.21,63.0,44.8,46.4,44.6,43.1,1.36,1.58,1.48,1.28,937,2.35
2026-04-19T00:27:20.000Z,1.20,64.4,43.6,47.0,44.4,42.6,1.31,1.53,1.50,1.28,934,2.16
2026-04-19T00:27:30.000Z,1.16,63.9,43.9,45.4,44.6,43.8,1.46,1.71,1.49,1.34,940,2.30
2026-04-19T00:27:40.000Z,1.20,63.4,44.2,46.9,44.5,42.8,1.48,1.65,1.40,1.34,952,2.16
2026-04-19T00:27:50.000Z,1.17,62.6,43.2,45.7,44.6,43.8,1.30,1.72,1.52,1.27,927,1.91
2026-04-19T00:28:00.000Z,1.19,62.8,43.6,46.6,44.5,42.8,1.48,1.52,1.43,1.25,936,2.39
2026-04-19T00:28:10.000Z,1.19,62.7,44.6,46.5,44.3,44.2,1.47,1.67,1.38,1.25,949,2.36
2026-04-19T00:28:20.000Z,1.21,64.3,44.3,46.8,44.6,43.3,1.37,1.67,1.47,1.28,935,2.18
2026-04-19T00:28:30.000Z,1.16,64.2,44.5,45.7,44.7,43.3,1.47,1.52,1.45,1.32,931,2.19
2026-04-19T00:28:40.000Z,1.20,63.9,44.9,46.0,44.5,43.5,1.29,1.52,1.46,1.25,937,2.05
2026-04-19T00:28:50.000Z,1.18,62.1,43.8,46.2,44.7,43.2,1.31,1.48,1.38,1.30,957,2.31
2026-04-19T00:29:00.000Z,1.20,64.1,44.9,45.7,44.5,43.6,1.37,1.59,1.50,1.37,938,2.07
2026-04-19T00:29:10.000Z,1.17,62.3,44.8,45.7,44.3,43.9,1.46,1.64,1.45,1.39,947,2.19
2026-04-19T00:29:20.000Z,1.18,62.2,43.6,45.5,44.5,43.0,1.46,1.51,1.47,1.20,921,2.17
2026-04-19T00:29:30.000Z,1.20,63.7,44.1,46.5,44.4,44.5,1.29,1.50,1.43,1.20,949,2.21
2026-04-19T00:29:40.000Z,1.19,64.1,43.1,45.1,44.3,42.8,1.30,1.59,1.41,1.40,924,2.04
2026-04-19T00:29:50.000Z,1.16,63.9,43.8,46.2,44.3,43.0,1.31,1.51,1.50,1.32,937,2.06
2026-04-19T00:30:00.000Z,1.18,62.1,44.9,46.0,44.4,42.6,1.50,1.55,1.47,1.20,949,1.90
2026-04-19T00:30:10.000Z,1.19,64.8,44.3,47.0,44.7,42.8,1.34,1.51,1.47,1.22,952,2.23
2026-04-19T00:30:20.000Z,1.19,63.4,43.9,45.8,44.7,44.2,1.51,1.72,1.40,1.33,955,2.09
2026-04-19T00:30:30.000Z,1.16,64.5,43.9,45.6,44.6,43.4,1.33,1.68,1.50,1.39,947,2.17
2026-04-19T00:30:40.000Z,1.17,62.8,45.0,46.7,44.6,44.3,1.44,1.66,1.39,1.34,928,1.82
2026-04-19T00:30:50.000Z,1.16,64.8,43.7,45.5,44.4,44.3,1.30,1.62,1.40,1.36,928,2.24
2026-04-19T00:31:00.000Z,1.16,64.8,45.0,45.0,44.4,42.8,1.47,1.53,1.52,1.30,924,2.22
2026-04-19T00:31:10.000Z,1.17,62.6,44.0,46.9,44.5,42.9,1.42,1.71,1.50,1.34,924,2.16
2026-04-19T00:31:20.000Z,1.19,64.0,43.8,46.9,44.5,43.0,1.48,1.63,1.47,1.27,940,2.37
2026-04-19T00:31:30.000Z,1.15,64.6,44.7,45.2,44.4,43.9,1.49,1.60,1.49,1.38,938,2.15
2026-04-19T00:31:40.000Z,1.17,62.6,44.6,45.2,44.4,43.2,1.51,1.67,1.38,1.24,921,2.16
2026-04-19T00:31:50.000Z,1.19,62.8,44.2,46.9,44.6,44.1,1.32,1.49,1.50,1.34,957,1.81
2026-04-19T00:32:00.000Z,1.19,62.5,43.1,46.5,44.3,44.2,1.42,1.69,1.45,1.40,923,2.32
2026-04-19T00:32:10.000Z,1.17,63.4,44.7,45.2,44.6,43.4,1.48,1.50,1.41,1.36,950,2.14
2026-04-19T00:32:20.000Z,1.16,63.2,44.2,46.8,44.4,43.8,1.39,1.52,1.43,1.38,921,2.20
2026-04-19T00:32:30.000Z,1.19,63.6,44.3,46.9,44.4,44.5,1.45,1.63,1.44,1.38,925,1.89
2026-04-19T00:32:40.000Z,1.17,64.6,43.2,46.6,44.6,43.8,1.30,1.58,1.46,1.26,929,2.02
2026-04-19T00:32:50.000Z,1.15,64.8,43.1,45.6,44.5,43.3,1.41,1.53,1.39,1.30,928,2.31
2026-04-19T00:33:00.000Z,1.17,64.2,44.9,45.2,44.6,44.2,1.34,1.51,1.42,1.32,948,2.23
2026-04-19T00:33:10.000Z,1.16,63.2,43.7,45.6,44.7,44.2,1.42,1.58,1.40,1.25,947,2.06
2026-04-19T00:33:20.000Z,1.16,64.4,45.0,45.0,44.7,44.4,1.40,1.65,1.50,1.34,921,1.89
2026-04-19T00:33:30.000Z,1.20,64.4,43.2,46.4,44.6,42.9,1.51,1.62,1.45,1.28,957,2.36
2026-04-19T00:33:40.000Z,1.20,62.9,43.5,45.6,44.6,43.4,1.39,1.53,1.41,1.36,928,2.04
2026-04-19T00:33:50.000Z,1.16,64.9,44.2,45.9,44.4,43.8,1.35,1.68,1.44,1.34,949,2.28
2026-04-19T00:34:00.000Z,1.19,64.9,44.4,46.7,44.6,42.5,1.28,1.51,1.41,1.24,948,2.06
2026-04-19T00:34:10.000Z,1.21,64.7,44.8,46.3,44.5,43.8,1.42,1.58,1.46,1.30,935,1.85
2026-04-19T00:34:20.000Z,1.16,62.6,43.2,45.8,44.4,43.9,1.38,1.72,1.40,1.33,934,2.18
2026-04-19T00:34:30.000Z,1.17,62.7,44.2,46.0,44.5,44.5,1.42,1.59,1.41,1.23,949,1.91
2026-04-19T00:34:40.000Z,1.20,62.4,45.0,46.6,44.4,43.0,1.37,1.60,1.39,1.24,948,2.04
2026-04-19T00:34:50.000Z,1.17,62.7,44.6,45.5,44.4,43.9,1.48,1.67,1.44,1.20,935,2.25
2026-04-19T00:35:00.000Z,1.21,62.8,43.9,45.3,44.7,42.7,1.49,1.68,1.46,1.35,953,2.39
2026-04-19T00:35:10.000Z,1.18,64.4,43.0,46.1,44.5,43.6,1.39,1.59,1.47,1.25,948,2.37
2026-04-19T00:35:20.000Z,1.19,65.0,44.0,46.8,44.6,42.6,1.49,1.58,1.38,1.34,958,2.18
2026-04-19T00:35:30.000Z,1.20,62.1,44.1,46.8,44.4,43.5,1.29,1.51,1.47,1.31,935,1.83
2026-04-19T00:35:40.000Z,1.19,62.4,44.6,46.0,44.4,44.3,1.35,1.72,1.51,1.23,933,1.89
2026-04-19T00:35:50.000Z,1.15,64.8,43.5,45.1,44.4,42.6,1.44,1.50,1.46,1.31,935,1.98
2026-04-19T00:36:00.000Z,1.18,64.7,43.1,45.2,44.4,44.0,1.36,1.67,1.47,1.20,920,2.15
2026-04-19T00:36:10.000Z,1.20,63.8,45.0,46.3,44.6,42.9,1.46,1.61,1.51,1.21,947,1.88
2026-04-19T00:36:20.000Z,1.15,62.4,43.4,47.0,44.4,43.6,1.29,1.54,1.43,1.23,953,2.04
2026-04-19T00:36:30.000Z,1.19,63.4,44.2,45.9,44.5,43.2,1.41,1.48,1.46,1.25,936,2.24
2026-04-19T00:36:40.000Z,1.18,64.7,44.4,46.4,44.5,43.8,1.49,1.51,1.38,1.36,930,2.36
2026-04-19T00:36:50.000Z,1.19,62.7,44.3,46.2,44.3,44.4,1.47,1.56,1.38,1.30,942,2.23
2026-04-19T00:37:00.000Z,1.17,62.8,44.5,45.6,44.5,44.5,1.39,1.59,1.49,1.30,946,1.81
2026-04-19T00:37:10.000Z,1.20,64.1,43.7,45.9,44.6,42.8,1.40,1.67,1.44,1.24,938,2.09
2026-04-19T00:37:20.000Z,1.18,63.9,44.9,46.8,44.3,43.8,1.38,1.54,1.47,1.21,925,1.87
2026-04-19T00:37:30.000Z,1.20,62.8,43.8,45.9,44.5,44.2,1.44,1.60,1.40,1.23,940,2.06
2026-04-19T00:37:40.000Z,1.16,62.3,44.1,46.3,44.5,43.2,1.29,1.61,1.51,1.22,954,2.19
2026-04-19T00:37:50.000Z,1.15,63.3,43.2,46.2,44.5,42.7,1.29,1.57,1.51,1.39,944,2.37
2026-04-19T00:38:00.000Z,1.16,63.1,43.3,47.0,44.7,43.8,1.37,1.57,1.50,1.38,928,2.22
2026-04-19T00:38:10.000Z,1.19,64.8,43.6,46.8,44.6,44.1,1.38,1.48,1.52,1.24,933,1.98
2026-04-19T00:38:20.000Z,1.17,64.3,43.1,45.4,44.5,42.7,1.49,1.59,1.43,1.22,927,2.34
2026-04-19T00:38:30.000Z,1.19,64.4,44.6,46.1,44.5,43.9,1.30,1.58,1.39,1.29,932,1.89
2026-04-19T00:38:40.000Z,1.16,64.4,43.5,45.2,44.4,42.8,1.43,1.69,1.49,1.32,940,2.31
2026-04-19T00:38:50.000Z,1.16,62.8,43.3,45.0,44.4,43.7,1.34,1.58,1.50,1.38,939,1.91
2026-04-19T00:39:00.000Z,1.16,64.3,45.0,46.0,44.3,44.0,1.38,1.54,1.44,1.34,935,2.18
2026-04-19T00:39:10.000Z,1.17,62.9,43.4,46.4,44.7,42.8,1.51,1.70,1.50,1.23,948,1.88
2026-04-19T00:39:20.000Z,1.19,62.1,44.0,45.8,44.5,42.8,1.45,1.58,1.49,1.31,944,2.27
2026-04-19T00:39:30.000Z,1.16,62.4,43.5,46.4,44.4,43.9,1.36,1.50,1.52,1.30,923,1.90
2026-04-19T00:39:40.000Z,1.18,62.3,44.8,45.0,44.4,44.5,1.28,1.66,1.43,1.23,937,2.09
2026-04-19T00:39:50.000Z,1.18,63.8,44.3,45.7,44.3,43.4,1.45,1.56,1.48,1.22,950,2.07
2026-04-19T00:40:00.000Z,1.19,63.7,43.4,46.3,44.6,43.4,1.29,1.65,1.44,1.23,954,1.88
2026-04-19T00:40:10.000Z,1.15,62.4,44.9,45.5,44.6,43.0,1.31,1.69,1.51,1.21,931,1.86
2026-04-19T00:40:20.000Z,1.18,65.0,43.2,45.8,44.5,43.4,1.30,1.68,1.44,1.34,944,1.94
2026-04-19T00:40:30.000Z,1.20,64.0,44.4,46.0,44.6,42.8,1.36,1.57,1.50,1.28,941,2.12
2026-04-19T00:40:40.000Z,1.17,62.7,43.4,46.2,44.7,42.9,1.33,1.64,1.50,1.36,942,2.09
2026-04-19T00:40:50.000Z,1.16,63.4,44.3,46.3,44.5,42.5,1.43,1.57,1.38,1.29,930,2.35
2026-04-19T00:41:00.000Z,1.18,62.1,44.9,45.1,44.5,44.3,1.28,1.68,1.45,1.32,951,2.00
2026-04-19T00:41:10.000Z,1.15,63.6,44.8,45.1,44.4,43.5,1.49,1.54,1.39,1.33,928,1.91
2026-04-19T00:41:20.000Z,1.20,62.1,44.8,45.8,44.6,42.6,1.49,1.50,1.48,1.33,926,2.24
2026-04-19T00:41:30.000Z,1.17,62.1,43.1,46.9,44.5,43.2,1.40,1.59,1.49,1.28,943,1.89
2026-04-19T00:41:40.000Z,1.16,64.9,44.8,46.2,44.7,44.1,1.44,1.53,1.46,1.37,941,1.96
2026-04-19T00:41:50.000Z,1.15,63.0,43.7,45.4,44.6,42.9,1.43,1.50,1.39,1.32,938,1.82
2026-04-19T00:42:00.000Z,1.19,62.6,43.9,45.2,44.5,44.4,1.33,1.69,1.47,1.38,937,2.13
2026-04-19T00:42:10.000Z,1.17,62.4,43.5,46.8,44.5,42.7,1.33,1.65,1.46,1.24,931,2.00
2026-04-19T00:42:20.000Z,1.17,64.0,44.9,45.2,44.5,43.8,1.36,1.68,1.49,1.26,935,1.81
2026-04-19T00:42:30.000Z,1.18,62.4,44.1,45.1,44.7,43.2,1.36,1.59,1.41,1.23,939,2.35
2026-04-19T00:42:40.000Z,1.17,62.2,43.2,45.2,44.7,43.0,1.30,1.62,1.40,1.27,947,2.32
2026-04-19T00:42:50.000Z,1.19,64.0,43.2,45.8,44.7,43.4,1.37,1.66,1.40,1.36,924,2.08
2026-04-19T00:43:00.000Z,1.20,62.6,44.1,46.6,44.6,43.8,1.31,1.55,1.47,1.32,956,2.11
2026-04-19T00:43:10.000Z,1.20,62.1,44.8,46.9,44.6,43.5,1.39,1.66,1.46,1.27,934,1.98
2026-04-19T00:43:20.000Z,1.20,62.0,43.4,45.9,44.7,43.7,1.31,1.69,1.42,1.32,954,1.92
2026-04-19T00:43:30.000Z,1.20,64.6,43.4,46.2,44.3,42.5,1.47,1.68,1.40,1.36,945,2.05
2026-04-19T00:43:40.000Z,1.20,63.5,45.0,45.6,44.5,44.1,1.29,1.63,1.41,1.39,922,1.82
2026-04-19T00:43:50.000Z,1.20,65.0,44.3,46.9,44.3,43.8,1.33,1.63,1.52,1.25,921,2.30
2026-04-19T00:44:00.000Z,1.20,63.2,44.0,45.9,44.3,43.9,1.51,1.70,1.41,1.35,955,1.94
2026-04-19T00:44:10.000Z,1.20,63.1,43.7,46.5,44.6,44.0,1.43,1.51,1.44,1.25,942,2.04
2026-04-19T00:44:20.000Z,1.20,63.7,44.0,45.3,44.6,43.6,1.31,1.59,1.45,1.25,929,2.22
2026-04-19T00:44:30.000Z,1.18,64.2,43.5,45.5,44.5,44.2,1.48,1.60,1.42,1.37,947,2.20
2026-04-19T00:44:40.000Z,1.21,63.5,43.4,45.2,44.7,43.5,1.35,1.67,1.50,1.35,948,1.85
2026-04-19T00:44:50.000Z,1.17,62.1,43.7,45.7,44.3,43.9,1.46,1.58,1.38,1.32,950,2.02
2026-04-19T00:45:00.000Z,1.17,62.8,43.9,45.6,44.4,43.0,1.46,1.66,1.40,1.39,939,2.32
2026-04-19T00:45:10.000Z,1.17,64.3,43.6,46.2,44.7,43.5,1.46,1.71,1.50,1.22,950,2.35
2026-04-19T00:45:20.000Z,1.19,63.6,43.7,45.5,44.3,44.5,1.39,1.72,1.49,1.36,943,2.36
2026-04-19T00:45:30.000Z,1.18,65.0,44.1,46.6,44.5,43.1,1.47,1.52,1.38,1.35,946,2.09
2026-04-19T00:45:40.000Z,1.15,62.9,44.1,45.7,44.7,43.6,1.46,1.71,1.41,1.40,951,2.12
2026-04-19T00:45:50.000Z,1.21,62.9,43.2,46.6,44.3,42.7,1.48,1.72,1.39,1.36,933,1.90
2026-04-19T00:46:00.000Z,1.18,63.3,44.7,46.0,44.4,42.7,1.32,1.68,1.48,1.34,926,1.99
2026-04-19T00:46:10.000Z,1.20,63.6,44.7,46.3,44.6,44.4,1.36,1.54,1.49,1.37,927,2.15
2026-04-19T00:46:20.000Z,1.19,62.3,44.9,45.5,44.4,43.8,1.41,1.61,1.51,1.34,923,2.34
2026-04-19T00:46:30.000Z,1.19,62.6,44.1,45.1,44.6,43.1,1.40,1.70,1.44,1.30,923,2.28
2026-04-19T00:46:40.000Z,1.19,64.7,44.6,45.3,44.4,44.0,1.50,1.71,1.43,1.32,951,2.16
2026-04-19T00:46:50.000Z,1.21,62.0,45.0,45.2,44.6,42.8,1.32,1.53,1.51,1.28,925,2.10
2026-04-19T00:47:00.000Z,1.17,64.5,44.3,45.9,44.4,43.0,1.40,1.61,1.52,1.36,944,2.18
2026-04-19T00:47:10.000Z,1.16,64.5,43.7,45.9,44.4,43.9,1.52,1.55,1.50,1.30,949,2.12
2026-04-19T00:47:20.000Z,1.20,62.9,44.1,45.0,44.3,44.0,1.31,1.61,1.38,1.21,944,2.07
2026-04-19T00:47:30.000Z,1.19,64.6,44.1,46.0,44.3,43.1,1.39,1.69,1.39,1.40,934,2.20
2026-04-19T00:47:40.000Z,1.20,63.1,43.8,46.3,44.3,42.9,1.28,1.70,1.51,1.26,959,2.10
2026-04-19T00:47:50.000Z,1.20,62.5,43.9,45.9,44.3,44.2,1.37,1.64,1.42,1.36,958,2.28
2026-04-19T00:48:00.000Z,1.17,63.9,44.6,46.4,44.4,43.9,1.37,1.50,1.42,1.36,952,1.95
2026-04-19T00:48:10.000Z,1.19,63.4,43.9,46.6,44.5,44.4,1.50,1.63,1.45,1.28,951,2.04
2026-04-19T00:48:20.000Z,1.19,62.3,43.2,46.9,44.6,44.2,1.42,1.70,1.39,1.30,940,2.16
2026-04-19T00:48:30.000Z,1.19,63.4,44.7,45.5,44.6,42.9,1.28,1.70,1.52,1.38,953,1.93
2026-04-19T00:48:40.000Z,1.18,63.3,43.3,47.0,44.3,42.6,1.43,1.63,1.48,1.36,951,2.11
2026-04-19T00:48:50.000Z,1.20,62.3,44.5,46.6,44.5,43.0,1.50,1.70,1.45,1.29,953,2.06
2026-04-19T00:49:00.000Z,1.16,64.7,44.8,46.1,44.5,43.8,1.35,1.62,1.50,1.35,927,2.39
2026-04-19T00:49:10.000Z,1.17,63.5,43.3,45.5,44.4,42.8,1.40,1.64,1.47,1.39,953,2.39
2026-04-19T00:49:20.000Z,1.20,64.4,44.9,45.9,44.3,44.1,1.31,1.49,1.43,1.24,930,2.03
2026-04-19T00:49:30.000Z,1.19,64.8,43.3,46.7,44.3,43.1,1.49,1.64,1.45,1.20,935,1.99
2026-04-19T00:49:40.000Z,1.16,62.5,43.8,46.8,44.5,42.9,1.43,1.55,1.52,1.33,923,2.39
2026-04-19T00:49:50.000Z,1.18,63.0,43.9,45.9,44.4,43.8,1.51,1.67,1.41,1.30,924,2.02
2026-04-19T00:50:00.000Z,1.17,62.3,44.2,46.4,44.5,43.8,1.29,1.71,1.38,1.24,944,2.39
2026-04-19T00:50:10.000Z,1.16,64.7,43.3,45.1,44.6,44.3,1.32,1.68,1.46,1.37,925,2.33
2026-04-19T00:50:20.000Z,1.17,64.2,44.7,45.8,44.4,43.1,1.28,1.71,1.46,1.36,935,2.19
2026-04-19T00:50:30.000Z,1.21,62.8,44.5,45.1,44.5,43.6,1.32,1.69,1.48,1.29,947,1.86
2026-04-19T00:50:40.000Z,1.15,62.7,44.4,47.0,44.5,44.2,1.36,1.61,1.40,1.21,957,2.36
2026-04-19T00:50:50.000Z,1.17,63.9,43.0,46.7,44.6,43.7,1.43,1.63,1.38,1.32,947,2.19
2026-04-19T00:51:00.000Z,1.16,63.9,43.8,46.3,44.4,43.8,1.46,1.64,1.43,1.36,946,1.96
2026-04-19T00:51:10.000Z,1.19,64.3,45.0,46.3,44.5,43.1,1.52,1.58,1.51,1.25,943,2.31
2026-04-19T00:51:20.000Z,1.15,62.8,43.7,45.9,44.5,42.9,1.51,1.63,1.41,1.37,932,2.26
2026-04-19T00:51:30.000Z,1.19,63.5,43.3,45.9,44.4,43.4,1.39,1.50,1.44,1.35,952,1.96
2026-04-19T00:51:40.000Z,1.16,62.8,43.0,45.2,44.3,42.6,1.36,1.49,1.51,1.23,920,2.22
2026-04-19T00:51:50.000Z,1.16,63.4,43.8,46.5,44.4,44.2,1.31,1.65,1.48,1.28,920,2.16
2026-04-19T00:52:00.000Z,1.17,63.9,43.4,46.4,44.4,44.3,1.33,1.60,1.50,1.36,957,1.99
2026-04-19T00:52:10.000Z,1.18,63.1,43.6,45.3,44.3,42.8,1.43,1.64,1.48,1.32,941,2.37
2026-04-19T00:52:20.000Z,1.21,62.7,43.2,45.4,44.5,42.8,1.43,1.66,1.51,1.24,933,2.34
2026-04-19T00:52:30.000Z,1.15,62.2,43.8,45.8,44.4,44.1,1.45,1.65,1.42,1.37,947,1.92
2026-04-19T00:52:40.000Z,1.20,64.4,44.5,45.6,44.4,43.6,1.47,1.70,1.51,1.34,934,1.94
2026-04-19T00:52:50.000Z,1.21,64.1,44.2,46.8,44.3,44.1,1.49,1.54,1.45,1.39,937,2.37
2026-04-19T00:53:00.000Z,1.20,62.9,43.5,45.1,44.6,43.4,1.51,1.66,1.38,1.24,934,1.99
2026-04-19T00:53:10.000Z,1.16,62.8,43.4,45.7,44.6,42.7,1.32,1.72,1.46,1.30,953,2.19
2026-04-19T00:53:20.000Z,1.20,63.4,43.8,45.1,44.6,42.6,1.52,1.49,1.39,1.27,946,2.03
2026-04-19T00:53:30.000Z,1.15,63.3,44.7,46.5,44.5,44.4,1.28,1.48,1.43,1.29,950,2.38
2026-04-19T00:53:40.000Z,1.17,62.6,44.7,46.6,44.5,42.9,1.38,1.70,1.45,1.40,959,1.98
2026-04-19T00:53:50.000Z,1.19,64.2,44.2,46.4,44.3,42.7,1.48,1.70,1.48,1.29,939,2.20
2026-04-19T00:54:00.000Z,1.21,63.1,44.7,46.1,44.5,43.6,1.28,1.57,1.45,1.21,942,1.95
2026-04-19T00:54:10.000Z,1.18,64.7,44.6,45.2,44.6,43.7,1.32,1.63,1.48,1.23,944,2.16
2026-04-19T00:54:20.000Z,1.17,64.5,44.7,45.1,44.5,43.5,1.28,1.58,1.38,1.25,936,2.17
2026-04-19T00:54:30.000Z,1.17,64.7,43.8,45.2,44.7,43.7,1.42,1.50,1.40,1.38,945,1.85
2026-04-19T00:54:40.000Z,1.18,62.5,43.1,45.9,44.4,43.3,1.51,1.63,1.44,1.37,948,2.06
2026-04-19T00:54:50.000Z,1.21,64.3,43.2,45.7,44.7,44.4,1.47,1.67,1.43,1.35,926,2.23
2026-04-19T00:55:00.000Z,1.20,65.0,43.5,45.6,44.5,44.4,1.49,1.53,1.41,1.22,931,2.29
2026-04-19T00:55:10.000Z,1.20,62.6,44.0,46.1,44.6,43.5,1.39,1.69,1.40,1.39,939,1.95
2026-04-19T00:55:20.000Z,1.18,63.4,44.1,45.3,44.5,42.6,1.32,1.64,1.38,1.28,954,1.84
2026-04-19T00:55:30.000Z,1.15,62.1,44.3,45.6,44.6,43.4,1.50,1.61,1.42,1.26,955,1.80
2026-04-19T00:55:40.000Z,1.21,63.0,43.4,45.8,44.7,44.3,1.34,1.57,1.43,1.28,957,2.23
2026-04-19T00:55:50.000Z,1.20,64.0,43.3,45.8,44.5,42.7,1.45,1.66,1.43,1.31,939,2.09
2026-04-19T00:56:00.000Z,1.16,64.4,44.2,45.3,44.4,42.8,1.36,1.65,1.51,1.37,960,1.94
2026-04-19T00:56:10.000Z,1.20,64.7,44.6,45.8,44.4,44.1,1.40,1.72,1.42,1.24,945,2.00
2026-04-19T00:56:20.000Z,1.18,63.2,43.3,46.9,44.5,42.7,1.30,1.61,1.41,1.26,943,2.26
2026-04-19T00:56:30.000Z,1.19,62.3,43.1,45.5,44.3,43.8,1.51,1.68,1.48,1.32,949,2.14
2026-04-19T00:56:40.000Z,1.21,63.3,43.9,45.6,44.5,42.9,1.47,1.66,1.38,1.35,943,2.05
2026-04-19T00:56:50.000Z,1.20,64.1,44.0,46.1,44.7,44.0,1.38,1.56,1.50,1.25,956,1.93
2026-04-19T00:57:00.000Z,1.16,63.4,43.3,46.6,44.4,44.2,1.50,1.58,1.45,1.32,938,2.17
2026-04-19T00:57:10.000Z,1.19,64.7,44.3,46.9,44.4,43.7,1.35,1.52,1.50,1.35,958,1.87
2026-04-19T00:57:20.000Z,1.18,63.2,43.7,45.9,44.7,43.8,1.39,1.50,1.41,1.22,948,2.39
2026-04-19T00:57:30.000Z,1.16,64.7,43.9,45.2,44.5,42.7,1.45,1.65,1.44,1.30,920,1.93
2026-04-19T00:57:40.000Z,1.21,63.7,44.5,45.8,44.5,44.2,1.51,1.55,1.49,1.25,923,2.05
2026-04-19T00:57:50.000Z,1.17,62.2,43.4,45.7,44.3,43.3,1.48,1.59,1.39,1.27,952,1.81
2026-04-19T00:58:00.000Z,1.21,63.3,44.8,46.8,44.5,44.5,1.37,1.65,1.51,1.26,931,2.11
2026-04-19T00:58:10.000Z,1.16,64.9,43.6,46.2,44.7,43.9,1.47,1.53,1.45,1.23,931,2.07
2026-04-19T00:58:20.000Z,1.18,63.0,44.2,45.9,44.6,42.7,1.43,1.54,1.38,1.32,932,2.00
2026-04-19T00:58:30.000Z,1.19,62.3,43.2,46.2,44.5,43.5,1.36,1.50,1.39,1.30,922,2.36
2026-04-19T00:58:40.000Z,1.18,64.5,43.5,46.2,44.4,43.1,1.43,1.66,1.49,1.37,930,2.02
2026-04-19T00:58:50.000Z,1.18,63.2,44.8,45.3,44.6,42.9,1.43,1.69,1.39,1.30,928,2.37
2026-04-19T00:59:00.000Z,1.19,65.0,43.7,46.8,44.4,42.6,1.42,1.66,1.44,1.26,948,2.38
2026-04-19T00:59:10.000Z,1.16,64.7,44.8,46.1,44.6,42.8,1.51,1.70,1.41,1.36,950,2.20
2026-04-19T00:59:20.000Z,1.16,63.4,43.2,46.8,44.6,43.7,1.41,1.69,1.45,1.33,950,2.40
2026-04-19T00:59:30.000Z,1.15,63.7,43.8,46.7,44.3,43.1,1.50,1.58,1.46,1.40,947,1.89
2026-04-19T00:59:40.000Z,1.18,62.9,44.8,46.9,44.5,42.8,1.46,1.50,1.49,1.21,941,2.28
2026-04-19T00:59:50.000Z,1.21,64.3,44.5,45.6,44.5,43.4,1.28,1.62,1.47,1.28,937,2.18
2026-04-19T01:00:00.000Z,1.15,64.0,43.2,46.6,44.4,43.6,1.30,1.67,1.45,1.32,933,2.10
2026-04-19T01:00:10.000Z,1.17,64.1,44.1,45.4,44.5,43.2,1.33,1.57,1.41,1.21,925,1.98
2026-04-19T01:00:20.000Z,1.19,63.3,44.3,45.0,44.6,42.8,1.46,1.67,1.47,1.35,926,2.16
2026-04-19T01:00:30.000Z,1.19,63.0,43.4,46.4,44.6,43.2,1.39,1.68,1.48,1.40,928,1.97
2026-04-19T01:00:40.000Z,1.18,62.9,44.8,45.6,44.7,43.2,1.48,1.65,1.44,1.34,923,2.37
2026-04-19T01:00:50.000Z,1.20,64.3,44.5,46.1,44.3,43.5,1.35,1.49,1.52,1.40,949,2.36
2026-04-19T01:01:00.000Z,1.17,62.1,44.1,45.8,44.4,44.2,1.52,1.72,1.47,1.27,959,2.35
2026-04-19T01:01:10.000Z,1.21,63.6,44.6,45.9,44.5,43.5,1.49,1.53,1.50,1.32,926,2.14
2026-04-19T01:01:20.000Z,1.19,63.4,43.9,45.3,44.6,44.3,1.34,1.64,1.39,1.22,956,2.36
2026-04-19T01:01:30.000Z,1.19,63.7,43.8,45.9,44.3,43.6,1.34,1.53,1.39,1.22,946,1.97
2026-04-19T01:01:40.000Z,1.19,62.1,44.1,46.6,44.5,42.8,1.47,1.72,1.41,1.34,956,2.06
2026-04-19T01:01:50.000Z,1.20,63.1,43.1,46.8,44.3,42.6,1.46,1.54,1.39,1.32,930,2.00
2026-04-19T01:02:00.000Z,1.21,63.8,43.1,46.9,44.4,43.6,1.49,1.48,1.51,1.34,944,2.35
2026-04-19T01:02:10.000Z,1.16,63.3,44.7,45.8,44.6,44.4,1.40,1.55,1.50,1.28,926,2.20
2026-04-19T01:02:20.000Z,1.19,63.9,43.8,45.8,44.6,44.1,1.43,1.63,1.46,1.34,930,2.11
2026-04-19T01:02:30.000Z,1.18,62.2,44.1,45.8,44.6,44.4,1.44,1.49,1.51,1.35,953,2.29
2026-04-19T01:02:40.000Z,1.16,63.4,44.2,46.5,44.6,42.5,1.38,1.70,1.49,1.30,928,2.23
2026-04-19T01:02:50.000Z,1.20,63.2,44.7,46.7,44.6,43.8,1.33,1.50,1.42,1.35,950,1.84
2026-04-19T01:03:00.000Z,1.20,62.8,43.5,46.5,44.3,43.7,1.38,1.65,1.38,1.21,926,2.13
2026-04-19T01:03:10.000Z,1.19,64.7,43.9,46.0,44.5,43.5,1.38,1.64,1.49,1.38,941,1.81
2026-04-19T01:03:20.000Z,1.19,64.6,44.8,46.1,44.7,43.6,1.32,1.64,1.48,1.24,958,2.35
2026-04-19T01:03:30.000Z,1.16,65.0,44.2,45.1,44.3,42.9,1.41,1.51,1.50,1.32,943,2.03
2026-04-19T01:03:40.000Z,1.20,63.3,44.0,46.8,44.3,42.7,1.40,1.59,1.51,1.25,947,2.06
2026-04-19T01:03:50.000Z,1.20,62.4,43.6,46.7,44.4,43.5,1.37,1.61,1.52,1.23,944,1.90
2026-04-19T01:04:00.000Z,1.19,64.5,44.3,46.3,44.5,43.6,1.52,1.55,1.44,1.27,948,2.00
2026-04-19T01:04:10.000Z,1.19,62.6,44.8,45.2,44.4,43.3,1.39,1.71,1.51,1.22,935,1.83
2026-04-19T01:04:20.000Z,1.16,64.6,43.4,46.8,44.7,43.8,1.52,1.71,1.39,1.31,958,2.38
2026-04-19T01:04:30.000Z,1.17,62.0,43.9,45.1,44.7,42.9,1.39,1.49,1.39,1.34,926,1.91
2026-04-19T01:04:40.000Z,1.21,63.1,44.5,45.1,44.6,44.2,1.38,1.68,1.43,1.22,959,2.04
2026-04-19T01:04:50.000Z,1.17,63.4,44.0,46.4,44.6,43.6,1.37,1.63,1.51,1.39,951,1.99
2026-04-19T01:05:00.000Z,1.20,62.5,43.3,45.7,44.6,43.3,1.49,1.62,1.51,1.38,937,2.03
2026-04-19T01:05:10.000Z,1.19,63.8,43.6,46.2,44.6,42.8,1.38,1.65,1.38,1.35,926,1.86
2026-04-19T01:05:20.000Z,1.15,63.6,43.8,46.7,44.7,43.2,1.34,1.68,1.49,1.28,928,2.21
2026-04-19T01:05:30.000Z,1.17,63.5,43.1,45.9,44.4,43.0,1.28,1.57,1.44,1.28,938,2.30
2026-04-19T01:05:40.000Z,1.17,64.9,43.3,46.3,44.5,42.7,1.35,1.58,1.46,1.36,922,2.21
2026-04-19T01:05:50.000Z,1.17,64.5,43.3,45.3,44.7,42.8,1.52,1.68,1.43,1.29,952,2.08
2026-04-19T01:06:00.000Z,1.17,62.8,44.0,45.0,44.4,42.6,1.35,1.68,1.52,1.32,954,1.96
2026-04-19T01:06:10.000Z,1.18,63.2,44.0,45.6,44.5,43.0,1.46,1.65,1.44,1.40,936,2.36
2026-04-19T01:06:20.000Z,1.18,64.4,43.0,46.2,44.3,42.6,1.43,1.67,1.39,1.27,935,1.87
2026-04-19T01:06:30.000Z,1.20,63.1,44.7,46.7,44.3,42.9,1.33,1.69,1.39,1.38,944,2.29
2026-04-19T01:06:40.000Z,1.19,63.1,44.0,45.7,44.4,43.9,1.44,1.68,1.49,1.34,927,2.02
2026-04-19T01:06:50.000Z,1.18,62.7,45.0,46.4,44.7,42.7,1.42,1.69,1.38,1.24,938,2.40
2026-04-19T01:07:00.000Z,1.15,64.5,44.1,45.3,44.7,44.0,1.32,1.71,1.47,1.37,944,2.15
2026-04-19T01:07:10.000Z,1.20,63.7,44.0,46.0,44.7,42.7,1.43,1.50,1.39,1.29,958,1.93
2026-04-19T01:07:20.000Z,1.15,64.4,43.7,45.3,44.6,44.4,1.50,1.71,1.38,1.23,941,2.01
2026-04-19T01:07:30.000Z,1.17,62.0,43.7,45.3,44.7,44.3,1.52,1.65,1.51,1.22,950,2.28
2026-04-19T01:07:40.000Z,1.15,63.9,43.0,45.4,44.7,42.6,1.39,1.55,1.49,1.26,934,2.24
2026-04-19T01:07:50.000Z,1.20,64.6,44.4,46.3,45.1,44.4,1.36,1.71,1.47,1.21,950,1.92
2026-04-19T01:08:00.000Z,1.18,64.8,43.9,46.3,45.0,42.5,1.41,1.52,1.46,1.21,954,2.17
2026-04-19T01:08:10.000Z,1.20,65.0,43.4,45.7,44.8,44.2,1.44,1.67,1.38,1.29,922,2.32
2026-04-19T01:08:20.000Z,1.21,64.0,43.1,46.1,44.9,42.8,1.51,1.64,1.44,1.35,929,1.99
2026-04-19T01:08:30.000Z,1.16,62.5,44.6,46.1,45.2,44.1,1.36,1.62,1.50,1.38,958,1.84
2026-04-19T01:08:40.000Z,1.16,62.1,44.0,46.5,45.1,43.4,1.36,1.55,1.44,1.21,920,1.89
2026-04-19T01:08:50.000Z,1.18,62.1,44.2,46.8,45.0,43.2,1.40,1.68,1.42,1.29,955,2.38
2026-04-19T01:09:00.000Z,1.15,64.5,44.1,46.1,45.0,42.7,1.46,1.59,1.50,1.29,947,2.38
2026-04-19T01:09:10.000Z,1.19,63.4,44.8,46.5,45.2,43.9,1.30,1.57,1.50,1.32,937,2.08
2026-04-19T01:09:20.000Z,1.18,62.5,43.9,45.3,45.4,43.4,1.28,1.63,1.41,1.40,936,2.16
2026-04-19T01:09:30.000Z,1.17,63.9,45.0,45.1,45.2,43.9,1.46,1.51,1.52,1.29,945,1.96
2026-04-19T01:09:40.000Z,1.18,63.2,44.7,47.0,45.3,43.2,1.48,1.63,1.48,1.24,953,2.33
2026-04-19T01:09:50.000Z,1.15,63.8,44.6,46.6,45.4,44.1,1.28,1.72,1.46,1.30,921,2.16
2026-04-19T01:10:00.000Z,1.17,62.5,44.2,45.8,45.4,43.9,1.36,1.67,1.39,1.38,955,2.02
2026-04-19T01:10:10.000Z,1.18,64.7,43.5,46.2,45.5,44.0,1.38,1.50,1.42,1.22,936,1.92
2026-04-19T01:10:20.000Z,1.20,62.0,44.6,46.8,45.4,44.4,1.48,1.52,1.52,1.26,925,2.04
2026-04-19T01:10:30.000Z,1.16,62.9,45.0,47.0,45.6,43.0,1.28,1.62,1.40,1.27,936,1.83
2026-04-19T01:10:40.000Z,1.17,64.9,43.7,46.6,45.5,43.4,1.44,1.60,1.44,1.26,937,1.82
2026-04-19T01:10:50.000Z,1.19,62.4,43.5,46.5,45.6,44.4,1.42,1.50,1.48,1.36,947,1.82
2026-04-19T01:11:00.000Z,1.16,62.4,44.8,46.5,45.8,42.9,1.40,1.66,1.47,1.22,929,2.27
2026-04-19T01:11:10.000Z,1.15,62.9,44.8,46.0,45.8,43.2,1.43,1.54,1.49,1.30,946,1.84
2026-04-19T01:11:20.000Z,1.18,62.6,44.3,46.6,45.7,44.4,1.32,1.67,1.50,1.31,936,1.83
2026-04-19T01:11:30.000Z,1.19,63.2,43.6,45.3,46.1,44.0,1.46,1.65,1.40,1.22,954,1.82
2026-04-19T01:11:40.000Z,1.18,64.9,43.5,46.5,45.8,43.4,1.35,1.67,1.38,1.27,940,2.20
2026-04-19T01:11:50.000Z,1.19,62.3,45.0,46.7,46.0,43.9,1.34,1.65,1.46,1.28,953,2.23
2026-04-19T01:12:00.000Z,1.16,64.6,43.1,46.4,46.2,43.4,1.34,1.68,1.51,1.26,949,2.19
2026-04-19T01:12:10.000Z,1.20,62.8,44.8,45.4,46.3,42.5,1.31,1.62,1.46,1.37,923,2.25
2026-04-19T01:12:20.000Z,1.16,64.8,43.0,46.5,46.1,42.5,1.50,1.56,1.50,1.31,954,2.37
2026-04-19T01:12:30.000Z,1.16,62.6,44.1,46.6,46.4,43.7,1.42,1.59,1.48,1.35,927,2.24
2026-04-19T01:12:40.000Z,1.18,64.2,43.2,46.7,46.2,42.8,1.34,1.68,1.52,1.26,950,1.99
2026-04-19T01:12:50.000Z,1.21,64.5,43.9,45.6,46.2,43.0,1.43,1.54,1.47,1.38,940,2.15
2026-04-19T01:13:00.000Z,1.17,62.1,43.6,45.8,46.5,43.8,1.37,1.71,1.44,1.21,936,1.83
2026-04-19T01:13:10.000Z,1.16,62.1,44.3,46.4,46.3,44.2,1.46,1.51,1.39,1.24,923,2.09
2026-04-19T01:13:20.000Z,1.19,64.1,44.1,46.8,46.3,43.8,1.38,1.53,1.50,1.33,952,2.12
2026-04-19T01:13:30.000Z,1.17,62.3,43.2,45.2,46.7,43.6,1.32,1.59,1.51,1.24,947,2.24
2026-04-19T01:13:40.000Z,1.20,62.7,44.4,46.2,46.6,43.6,1.42,1.55,1.46,1.38,924,2.19
2026-04-19T01:13:50.000Z,1.21,64.0,45.0,45.1,46.8,42.8,1.39,1.57,1.52,1.20,946,1.87
2026-04-19T01:14:00.000Z,1.19,63.8,44.1,45.8,46.7,43.6,1.47,1.66,1.42,1.34,927,2.05
2026-04-19T01:14:10.000Z,1.20,63.6,44.3,46.3,46.9,43.2,1.44,1.53,1.43,1.28,922,1.97
2026-04-19T01:14:20.000Z,1.19,63.8,44.0,46.2,46.6,42.9,1.40,1.60,1.43,1.33,950,2.10
2026-04-19T01:14:30.000Z,1.18,62.4,43.7,45.3,46.7,43.0,1.29,1.50,1.51,1.29,923,2.28
2026-04-19T01:14:40.000Z,1.16,63.4,44.1,46.7,46.7,42.7,1.33,1.71,1.41,1.37,945,2.11
2026-04-19T01:14:50.000Z,1.21,64.8,43.6,46.0,46.8,43.9,1.50,1.64,1.50,1.31,957,2.33
2026-04-19T01:15:00.000Z,1.19,62.2,43.6,47.0,47.1,42.6,1.37,1.68,1.42,1.21,939,2.37
2026-04-19T01:15:10.000Z,1.18,64.8,44.5,45.7,47.1,42.7,1.34,1.68,1.49,1.39,930,2.22
2026-04-19T01:15:20.000Z,1.16,62.2,44.1,45.9,47.2,42.6,1.51,1.72,1.52,1.37,957,2.38
2026-04-19T01:15:30.000Z,1.16,62.3,44.7,46.7,46.9,43.9,1.38,1.71,1.50,1.22,945,2.03
2026-04-19T01:15:40.000Z,1.16,65.0,44.5,46.6,47.0,43.0,1.29,1.68,1.40,1.25,925,1.85
2026-04-19T01:15:50.000Z,1.17,64.8,44.6,45.6,47.2,43.1,1.45,1.62,1.50,1.40,934,1.85
2026-04-19T01:16:00.000Z,1.20,64.4,43.7,46.3,47.2,43.7,1.36,1.69,1.46,1.38,954,2.18
2026-04-19T01:16:10.000Z,1.16,62.1,43.2,45.2,47.3,44.3,1.45,1.51,1.45,1.39,937,2.01
2026-04-19T01:16:20.000Z,1.18,62.0,44.9,45.7,47.4,42.6,1.35,1.72,1.40,1.22,946,2.26
2026-04-19T01:16:30.000Z,1.20,62.7,44.3,46.4,47.5,43.5,1.34,1.67,1.47,1.40,933,2.26
2026-04-19T01:16:40.000Z,1.17,62.0,44.0,46.0,47.2,42.5,1.41,1.71,1.39,1.29,924,1.88
2026-04-19T01:16:50.000Z,1.18,64.4,45.0,46.1,47.3,44.4,1.28,1.72,1.46,1.20,945,1.95
2026-04-19T01:17:00.000Z,1.17,63.4,44.8,45.4,47.3,44.3,1.46,1.65,1.49,1.23,958,1.81
2026-04-19T01:17:10.000Z,1.16,64.8,43.8,46.2,47.6,43.9,1.50,1.64,1.44,1.38,941,2.12
2026-04-19T01:17:20.000Z,1.16,62.0,44.6,45.3,47.5,44.4,1.41,1.60,1.40,1.21,924,2.17
2026-04-19T01:17:30.000Z,1.15,64.1,43.2,46.1,47.8,44.0,1.29,1.56,1.40,1.27,951,2.38
2026-04-19T01:17:40.000Z,1.18,64.6,44.5,46.7,47.9,43.6,1.49,1.58,1.46,1.30,930,2.04
2026-04-19T01:17:50.000Z,1.16,62.9,44.0,46.5,47.8,44.2,1.37,1.57,1.39,1.38,955,2.20
2026-04-19T01:18:00.000Z,1.19,64.6,44.6,45.9,47.9,43.6,1.43,1.54,1.45,1.29,920,2.36
2026-04-19T01:18:10.000Z,1.16,64.7,43.7,46.4,48.0,44.0,1.43,1.65,1.41,1.24,955,2.13
2026-04-19T01:18:20.000Z,1.21,64.5,44.5,46.5,47.7,43.1,1.43,1.64,1.38,1.21,936,2.00
2026-04-19T01:18:30.000Z,1.15,62.5,44.0,46.7,47.7,42.8,1.31,1.52,1.49,1.25,934,1.98
2026-04-19T01:18:40.000Z,1.16,63.5,43.7,45.1,48.1,44.2,1.33,1.56,1.44,1.34,952,2.07
2026-04-19T01:18:50.000Z,1.16,64.5,43.3,45.4,47.8,43.4,1.40,1.72,1.50,1.28,932,2.18
2026-04-19T01:19:00.000Z,1.19,63.7,43.3,46.7,48.3,44.5,1.44,1.50,1.42,1.33,938,2.23
2026-04-19T01:19:10.000Z,1.19,64.0,43.4,45.2,48.3,44.4,1.33,1.62,1.46,1.26,949,2.04
2026-04-19T01:19:20.000Z,1.20,62.9,44.1,46.2,48.0,43.4,1.44,1.57,1.47,1.34,956,2.15
2026-04-19T01:19:30.000Z,1.15,63.0,43.5,46.9,48.2,44.2,1.35,1.48,1.43,1.26,941,1.85
2026-04-19T01:19:40.000Z,1.17,62.3,43.1,46.5,48.4,43.3,1.33,1.54,1.40,1.24,931,1.82
2026-04-19T01:19:50.000Z,1.17,62.4,44.0,45.5,48.4,43.7,1.28,1.64,1.48,1.38,940,2.32
2026-04-19T01:20:00.000Z,1.20,63.2,43.0,45.6,48.4,43.5,1.40,1.48,1.45,1.22,929,1.82
2026-04-19T01:20:10.000Z,1.20,63.7,43.1,45.6,48.4,42.9,1.35,1.49,1.39,1.30,957,1.98
2026-04-19T01:20:20.000Z,1.16,62.7,44.7,45.5,48.3,43.7,1.38,1.48,1.39,1.32,939,2.34
2026-04-19T01:20:30.000Z,1.18,62.5,43.5,45.5,48.4,43.2,1.38,1.70,1.49,1.22,927,2.05
2026-04-19T01:20:40.000Z,1.20,64.8,44.9,45.2,48.4,44.1,1.29,1.72,1.42,1.24,955,2.36
2026-04-19T01:20:50.000Z,1.20,65.0,43.3,46.0,48.6,44.0,1.41,1.71,1.42,1.39,933,2.19
2026-04-19T01:21:00.000Z,1.20,63.8,44.1,46.0,48.5,44.5,1.38,1.58,1.49,1.35,941,2.30
2026-04-19T01:21:10.000Z,1.17,63.0,44.3,46.3,48.5,43.8,1.52,1.58,1.46,1.31,945,2.34
2026-04-19T01:21:20.000Z,1.19,63.5,44.1,45.2,48.8,43.3,1.43,1.61,1.44,1.30,951,2.32
2026-04-19T01:21:30.000Z,1.19,64.3,43.7,46.9,48.7,43.1,1.46,1.56,1.50,1.28,923,2.34
2026-04-19T01:21:40.000Z,1.18,64.3,43.7,46.4,48.8,43.2,1.52,1.54,1.43,1.31,954,2.18
2026-04-19T01:21:50.000Z,1.20,63.6,44.4,46.6,49.1,44.1,1.52,1.64,1.52,1.26,933,2.31
2026-04-19T01:22:00.000Z,1.20,63.6,43.6,46.1,49.1,44.2,1.44,1.62,1.50,1.35,922,2.37
2026-04-19T01:22:10.000Z,1.18,64.2,44.4,45.5,49.0,43.3,1.32,1.67,1.49,1.34,950,2.11
2026-04-19T01:22:20.000Z,1.21,63.4,43.0,46.0,49.1,43.6,1.50,1.69,1.45,1.30,947,2.09
2026-04-19T01:22:30.000Z,1.17,62.4,44.8,46.5,48.9,42.6,1.34,1.55,1.48,1.33,928,2.00
2026-04-19T01:22:40.000Z,1.15,64.0,44.0,46.5,49.2,42.8,1.38,1.64,1.45,1.39,951,2.29
2026-04-19T01:22:50.000Z,1.17,63.6,44.1,46.0,49.2,43.5,1.28,1.69,1.49,1.40,948,1.89
2026-04-19T01:23:00.000Z,1.16,63.7,43.7,46.3,49.3,43.7,1.52,1.66,1.47,1.31,937,1.81
2026-04-19T01:23:10.000Z,1.16,64.7,44.7,46.5,49.1,42.8,1.46,1.57,1.47,1.24,948,2.35
2026-04-19T01:23:20.000Z,1.17,62.9,43.4,45.3,49.1,44.3,1.29,1.52,1.45,1.25,934,1.91
2026-04-19T01:23:30.000Z,1.20,63.8,44.1,45.7,49.4,43.4,1.32,1.52,1.43,1.21,932,2.33
2026-04-19T01:23:40.000Z,1.16,62.4,43.9,46.6,49.5,43.6,1.45,1.58,1.52,1.37,923,2.18
2026-04-19T01:23:50.000Z,1.19,64.3,43.4,45.6,49.3,42.7,1.45,1.56,1.44,1.33,954,2.21
2026-04-19T01:24:00.000Z,1.16,62.5,44.7,45.6,49.5,43.4,1.39,1.56,1.50,1.30,932,2.36
2026-04-19T01:24:10.000Z,1.17,62.9,44.2,45.8,49.7,42.8,1.39,1.51,1.48,1.23,931,2.39
2026-04-19T01:24:20.000Z,1.17,64.1,43.4,45.3,49.6,42.7,1.44,1.56,1.38,1.27,929,2.36
2026-04-19T01:24:30.000Z,1.18,64.0,43.2,46.9,49.5,43.5,1.45,1.58,1.46,1.37,955,2.31
2026-04-19T01:24:40.000Z,1.16,64.7,44.7,46.9,49.7,42.7,1.49,1.70,1.48,1.30,928,2.09
2026-04-19T01:24:50.000Z,1.18,64.9,43.4,46.0,49.9,43.6,1.42,1.51,1.42,1.25,950,1.81
2026-04-19T01:25:00.000Z,1.16,63.7,43.8,46.6,49.7,43.2,1.40,1.64,1.41,1.37,956,1.94
2026-04-19T01:25:10.000Z,1.20,62.6,44.9,45.9,49.7,43.6,1.51,1.51,1.43,1.32,931,2.27
2026-04-19T01:25:20.000Z,1.16,64.8,44.3,45.4,50.0,44.3,1.33,1.53,1.43,1.21,947,2.02
2026-04-19T01:25:30.000Z,1.17,62.5,44.8,46.9,49.9,43.3,1.44,1.56,1.41,1.27,954,2.36
2026-04-19T01:25:40.000Z,1.17,62.8,43.3,45.9,50.0,43.7,1.30,1.69,1.49,1.23,929,1.83
2026-04-19T01:25:50.000Z,1.18,64.7,43.8,45.2,50.2,44.2,1.43,1.57,1.50,1.37,926,2.33
2026-04-19T01:26:00.000Z,1.16,62.6,44.0,45.9,50.2,43.6,1.33,1.70,1.47,1.32,953,2.16
2026-04-19T01:26:10.000Z,1.20,62.3,43.7,47.0,50.1,43.2,1.41,1.67,1.47,1.33,946,1.93
2026-04-19T01:26:20.000Z,1.19,63.5,43.1,45.3,50.1,43.8,1.43,1.64,1.52,1.30,920,2.15
2026-04-19T01:26:30.000Z,1.20,62.2,43.1,45.6,50.4,43.9,1.32,1.52,1.46,1.27,949,2.33
2026-04-19T01:26:40.000Z,1.19,63.3,43.3,45.7,50.3,42.9,1.44,1.52,1.40,1.22,956,1.93
2026-04-19T01:26:50.000Z,1.18,62.2,43.2,45.4,50.4,43.1,1.49,1.72,1.47,1.27,934,1.98
2026-04-19T01:27:00.000Z,1.17,62.7,43.8,45.7,50.2,43.3,1.39,1.52,1.47,1.29,953,1.96
2026-04-19T01:27:10.000Z,1.18,63.4,43.7,46.0,50.2,43.9,1.43,1.50,1.51,1.28,928,2.24
2026-04-19T01:27:20.000Z,1.16,64.9,44.0,46.4,50.4,43.5,1.29,1.70,1.52,1.40,949,2.33
2026-04-19T01:27:30.000Z,1.21,62.5,43.3,46.4,50.4,43.2,1.34,1.63,1.43,1.26,947,2.26
2026-04-19T01:27:40.000Z,1.16,62.2,44.7,45.5,50.6,43.2,1.48,1.54,1.46,1.28,943,2.32
2026-04-19T01:27:50.000Z,1.15,64.6,44.9,45.1,50.8,42.6,1.43,1.66,1.43,1.28,957,2.30
2026-04-19T01:28:00.000Z,1.19,63.6,44.2,45.7,50.5,42.7,1.30,1.66,1.39,1.25,948,2.20
2026-04-19T01:28:10.000Z,1.20,63.4,43.0,46.6,50.6,43.0,1.30,1.70,1.38,1.23,948,1.89
2026-04-19T01:28:20.000Z,1.16,63.0,43.4,46.5,50.6,43.7,1.30,1.61,1.47,1.22,924,2.33
2026-04-19T01:28:30.000Z,1.16,64.0,44.1,45.7,50.9,43.2,1.48,1.65,1.50,1.36,926,1.99
2026-04-19T01:28:40.000Z,1.19,62.7,43.6,45.9,50.8,42.7,1.33,1.59,1.47,1.38,943,1.91
2026-04-19T01:28:50.000Z,1.16,62.1,44.0,45.9,50.9,43.5,1.30,1.54,1.50,1.39,925,2.03
2026-04-19T01:29:00.000Z,1.18,64.1,44.2,46.5,51.0,43.5,1.32,1.51,1.45,1.34,944,1.93
2026-04-19T01:29:10.000Z,1.20,62.4,43.5,46.8,50.8,44.1,1.38,1.70,1.43,1.37,951,2.31
2026-04-19T01:29:20.000Z,1.20,64.9,43.3,45.9,50.9,44.0,1.40,1.51,1.44,1.22,946,2.39
2026-04-19T01:29:30.000Z,1.20,63.5,44.9,45.2,50.9,44.0,1.47,1.54,1.49,1.25,925,1.80
2026-04-19T01:29:40.000Z,1.19,63.8,45.0,45.7,51.0,42.7,1.38,1.61,1.50,1.25,959,1.92
2026-04-19T01:29:50.000Z,1.15,62.8,43.6,46.0,51.2,42.8,1.28,1.59,1.47,1.21,922,2.31
2026-04-19T01:30:00.000Z,1.19,63.8,44.0,46.5,51.1,44.5,1.30,1.61,1.49,1.29,934,2.15
2026-04-19T01:30:10.000Z,1.18,63.1,44.5,45.1,51.4,43.9,1.48,1.55,1.50,1.20,945,2.28
2026-04-19T01:30:20.000Z,1.17,63.8,43.6,46.4,51.2,44.2,1.39,1.56,1.44,1.33,928,2.11
2026-04-19T01:30:30.000Z,1.18,63.1,43.8,45.7,51.3,42.9,1.28,1.50,1.39,1.40,938,2.05
2026-04-19T01:30:40.000Z,1.18,64.8,43.3,45.5,51.4,43.6,1.50,1.62,1.46,1.27,956,2.19
2026-04-19T01:30:50.000Z,1.18,64.3,43.2,45.1,51.5,43.8,1.52,1.62,1.51,1.28,944,2.12
2026-04-19T01:31:00.000Z,1.20,64.8,44.8,46.5,51.5,44.2,1.36,1.66,1.46,1.29,930,2.26
2026-04-19T01:31:10.000Z,1.20,63.1,44.0,46.8,51.5,43.6,1.42,1.49,1.41,1.20,929,1.88
2026-04-19T01:31:20.000Z,1.15,62.9,44.5,46.6,51.7,42.8,1.42,1.68,1.38,1.26,946,2.01
2026-04-19T01:31:30.000Z,1.16,64.0,44.2,47.0,51.8,44.4,1.49,1.57,1.40,1.33,945,2.36
2026-04-19T01:31:40.000Z,1.20,62.3,43.7,46.3,51.6,43.0,1.40,1.55,1.38,1.34,945,2.11
2026-04-19T01:31:50.000Z,1.18,64.0,45.0,45.1,51.7,44.0,1.37,1.67,1.47,1.33,925,2.14
2026-04-19T01:32:00.000Z,1.19,62.5,44.8,45.3,51.7,44.1,1.36,1.59,1.52,1.27,952,2.17
2026-04-19T01:32:10.000Z,1.20,64.2,44.4,45.5,51.8,43.4,1.51,1.49,1.40,1.34,923,2.36
2026-04-19T01:32:20.000Z,1.20,62.2,44.4,45.2,51.7,44.4,1.52,1.66,1.39,1.35,926,1.87
2026-04-19T01:32:30.000Z,1.18,63.6,44.8,45.7,51.8,44.3,1.29,1.57,1.38,1.33,954,1.97
2026-04-19T01:32:40.000Z,1.20,62.3,43.1,45.7,51.8,43.8,1.35,1.61,1.48,1.38,947,1.80
2026-04-19T01:32:50.000Z,1.21,63.2,44.4,45.7,52.1,43.9,1.37,1.71,1.50,1.39,926,1.81
2026-04-19T01:33:00.000Z,1.21,63.9,43.6,45.8,51.9,43.0,1.33,1.61,1.49,1.23,932,2.22
2026-04-19T01:33:10.000Z,1.20,64.1,44.9,45.5,52.2,42.9,1.42,1.58,1.42,1.32,931,2.07
2026-04-19T01:33:20.000Z,1.19,62.1,43.7,46.9,52.2,44.3,1.51,1.69,1.47,1.27,930,2.09
2026-04-19T01:33:30.000Z,1.20,63.6,44.9,45.9,52.3,42.6,1.49,1.55,1.50,1.29,927,1.87
2026-04-19T01:33:40.000Z,1.15,64.8,44.2,46.0,52.4,42.8,1.50,1.70,1.43,1.37,923,1.88
2026-04-19T01:33:50.000Z,1.19,64.7,44.8,45.5,52.4,44.3,1.36,1.57,1.43,1.33,937,2.20
2026-04-19T01:34:00.000Z,1.20,64.6,45.0,47.0,52.2,43.5,1.31,1.69,1.52,1.24,926,1.92
2026-04-19T01:34:10.000Z,1.19,62.2,44.2,46.4,52.5,43.2,1.50,1.70,1.51,1.35,943,2.03
2026-04-19T01:34:20.000Z,1.18,62.1,44.2,46.4,52.4,43.4,1.45,1.70,1.44,1.27,936,2.22
2026-04-19T01:34:30.000Z,1.15,63.2,44.3,46.9,52.4,42.9,1.51,1.72,1.40,1.30,936,1.93
2026-04-19T01:34:40.000Z,1.20,63.1,44.7,46.4,52.7,43.7,1.34,1.66,1.46,1.30,927,2.34
2026-04-19T01:34:50.000Z,1.19,63.4,44.8,45.8,52.6,44.3,1.33,1.56,1.39,1.23,942,2.26
2026-04-19T01:35:00.000Z,1.15,62.8,43.3,46.0,52.7,44.3,1.30,1.62,1.41,1.30,955,2.37
2026-04-19T01:35:10.000Z,1.21,62.8,43.4,45.9,52.7,43.1,1.37,1.57,1.38,1.34,940,1.95
2026-04-19T01:35:20.000Z,1.20,62.7,44.9,45.0,52.7,43.6,1.30,1.67,1.39,1.21,951,2.38
2026-04-19T01:35:30.000Z,1.21,64.0,44.3,45.4,52.9,43.2,1.41,1.48,1.47,1.30,936,1.95
2026-04-19T01:35:40.000Z,1.15,64.6,43.5,46.7,53.0,43.3,1.49,1.55,1.42,1.32,939,1.86
2026-04-19T01:35:50.000Z,1.20,62.5,44.2,45.8,52.7,42.5,1.44,1.60,1.51,1.38,944,1.97
2026-04-19T01:36:00.000Z,1.20,62.2,44.5,45.0,53.1,44.0,1.34,1.66,1.39,1.38,930,2.34
2026-04-19T01:36:10.000Z,1.15,62.2,44.5,45.7,53.1,43.0,1.45,1.69,1.47,1.24,946,1.93
2026-04-19T01:36:20.000Z,1.16,63.5,44.1,45.1,53.2,42.9,1.52,1.69,1.52,1.35,925,2.05
2026-04-19T01:36:30.000Z,1.18,63.2,43.3,46.7,53.2,44.5,1.40,1.62,1.44,1.25,930,1.93
2026-04-19T01:36:40.000Z,1.20,64.4,43.8,46.4,53.3,44.0,1.43,1.65,1.42,1.22,958,2.29
2026-04-19T01:36:50.000Z,1.21,64.1,43.3,46.2,53.3,43.3,1.41,1.48,1.44,1.36,927,1.91
2026-04-19T01:37:00.000Z,1.16,63.2,44.1,46.6,53.1,42.7,1.28,1.72,1.45,1.26,951,1.84
2026-04-19T01:37:10.000Z,1.21,63.5,43.0,45.4,53.3,44.3,1.38,1.50,1.49,1.36,936,2.26
2026-04-19T01:37:20.000Z,1.20,64.0,44.2,46.3,53.3,43.8,1.36,1.55,1.48,1.37,960,2.01
2026-04-19T01:37:30.000Z,1.15,63.9,44.3,45.6,53.5,44.1,1.50,1.72,1.43,1.20,929,1.82
2026-04-19T01:37:40.000Z,1.19,65.0,43.6,46.2,53.4,43.5,1.31,1.50,1.39,1.26,920,1.86
2026-04-19T01:37:50.000Z,1.20,62.9,43.8,46.6,53.5,42.7,1.32,1.50,1.48,1.32,933,2.29
2026-04-19T01:38:00.000Z,1.17,62.9,43.9,46.3,53.5,44.1,1.46,1.59,1.38,1.23,949,2.37
2026-04-19T01:38:10.000Z,1.19,64.8,44.9,46.0,53.7,42.6,1.49,1.68,1.43,1.34,938,2.02
2026-04-19T01:38:20.000Z,1.17,64.3,44.8,45.4,53.7,44.4,1.36,1.64,1.50,1.24,936,2.01
2026-04-19T01:38:30.000Z,1.21,63.7,44.0,45.2,53.5,43.2,1.52,1.56,1.40,1.22,934,2.00
2026-04-19T01:38:40.000Z,1.17,63.8,44.4,45.5,53.9,43.5,1.41,1.66,1.52,1.23,933,2.09
2026-04-19T01:38:50.000Z,1.20,63.2,44.0,46.1,53.8,44.3,1.30,1.48,1.52,1.36,928,2.14
2026-04-19T01:39:00.000Z,1.16,63.9,44.3,46.3,53.9,44.3,1.47,1.64,1.41,1.38,929,2.33
2026-04-19T01:39:10.000Z,1.16,63.5,43.8,46.4,53.8,44.3,1.38,1.48,1.38,1.32,939,2.21
2026-04-19T01:39:20.000Z,1.19,63.7,43.3,46.2,54.0,43.5,1.34,1.72,1.43,1.27,928,2.17
2026-04-19T01:39:30.000Z,1.16,63.2,43.6,45.3,54.0,43.7,1.46,1.53,1.52,1.37,950,2.29
2026-04-19T01:39:40.000Z,1.19,62.8,44.9,46.3,54.2,42.9,1.51,1.63,1.47,1.28,931,2.32
2026-04-19T01:39:50.000Z,1.21,64.2,43.1,45.6,54.1,42.5,1.46,1.66,1.50,1.25,921,2.06
2026-04-19T01:40:00.000Z,1.18,62.6,44.3,46.2,54.1,43.3,1.39,1.58,1.42,1.24,926,2.08
2026-04-19T01:40:10.000Z,1.20,62.9,43.6,47.0,54.1,43.7,1.33,1.69,1.51,1.23,933,1.91
2026-04-19T01:40:20.000Z,1.21,63.8,44.3,46.1,54.2,42.7,1.32,1.59,1.38,1.22,945,1.88
2026-04-19T01:40:30.000Z,1.17,63.7,44.9,45.5,54.3,43.4,1.49,1.49,1.46,1.35,948,2.00
2026-04-19T01:40:40.000Z,1.17,62.6,43.2,45.9,54.2,44.4,1.42,1.61,1.42,1.34,926,2.04
2026-04-19T01:40:50.000Z,1.15,62.7,43.1,45.9,54.4,43.0,1.34,1.62,1.51,1.31,948,1.96
2026-04-19T01:41:00.000Z,1.19,62.8,43.8,45.0,54.4,43.4,1.50,1.49,1.39,1.38,957,2.36
2026-04-19T01:41:10.000Z,1.16,63.4,43.6,45.2,54.5,43.9,1.44,1.67,1.50,1.38,954,2.18
2026-04-19T01:41:20.000Z,1.17,64.3,44.3,45.2,54.4,44.2,1.34,1.48,1.42,1.35,942,1.81
2026-04-19T01:41:30.000Z,1.16,62.5,44.3,46.7,54.6,43.1,1.43,1.59,1.38,1.26,927,2.02
2026-04-19T01:41:40.000Z,1.18,64.1,43.9,46.4,54.7,43.8,1.44,1.53,1.42,1.31,941,2.04
2026-04-19T01:41:50.000Z,1.17,63.6,43.9,45.8,54.7,42.8,1.29,1.52,1.39,1.39,955,1.84
2026-04-19T01:42:00.000Z,1.17,62.8,43.2,46.5,54.5,44.0,1.35,1.56,1.46,1.23,958,2.21
2026-04-19T01:42:10.000Z,1.21,62.0,43.1,45.8,54.9,43.8,1.35,1.57,1.41,1.31,924,2.35
2026-04-19T01:42:20.000Z,1.20,62.8,45.0,45.4,54.9,44.4,1.32,1.61,1.39,1.38,925,2.39
2026-04-19T01:42:30.000Z,1.17,64.7,43.6,46.2,55.0,42.5,1.51,1.49,1.44,1.25,923,2.06
2026-04-19T01:42:40.000Z,1.16,62.5,43.6,46.0,54.8,43.5,1.49,1.66,1.39,1.36,920,1.87
2026-04-19T01:42:50.000Z,1.17,63.6,44.4,45.2,54.7,44.3,1.38,1.68,1.47,1.32,958,2.19
2026-04-19T01:43:00.000Z,1.17,63.9,44.3,46.5,55.1,42.9,1.48,1.66,1.45,1.35,926,2.21
2026-04-19T01:43:10.000Z,1.17,63.4,44.3,46.8,55.0,42.6,1.50,1.72,1.51,1.27,921,1.86
2026-04-19T01:43:20.000Z,1.19,63.6,44.3,45.7,55.0,42.9,1.48,1.48,1.43,1.28,955,1.84
2026-04-19T01:43:30.000Z,1.18,63.7,43.2,45.5,54.9,44.1,1.31,1.57,1.49,1.33,925,1.80
2026-04-19T01:43:40.000Z,1.16,62.6,44.6,45.8,55.1,42.6,1.29,1.52,1.38,1.39,927,2.33
2026-04-19T01:43:50.000Z,1.17,64.2,43.3,45.8,55.3,43.8,1.51,1.71,1.46,1.31,950,2.01
2026-04-19T01:44:00.000Z,1.19,62.9,43.9,45.4,55.4,44.5,1.44,1.66,1.43,1.31,927,2.26
2026-04-19T01:44:10.000Z,1.17,62.7,44.0,45.5,55.2,44.0,1.31,1.48,1.43,1.23,941,1.99
2026-04-19T01:44:20.000Z,1.15,62.2,44.1,46.4,55.5,43.9,1.30,1.56,1.38,1.36,942,1.97
2026-04-19T01:44:30.000Z,1.18,62.1,44.9,46.9,55.4,44.3,1.49,1.48,1.49,1.24,924,1.84
2026-04-19T01:44:40.000Z,1.19,64.1,44.4,45.7,55.3,44.4,1.41,1.58,1.38,1.23,946,2.39
2026-04-19T01:44:50.000Z,1.15,63.2,44.8,45.6,55.3,42.6,1.36,1.68,1.47,1.22,947,1.92
2026-04-19T01:45:00.000Z,1.19,62.9,43.5,45.6,55.4,42.5,1.46,1.55,1.39,1.38,932,2.30
2026-04-19T01:45:10.000Z,1.20,62.3,44.3,45.4,55.4,44.2,1.30,1.56,1.50,1.36,958,1.99
2026-04-19T01:45:20.000Z,1.20,64.1,44.1,45.7,55.5,42.6,1.41,1.60,1.45,1.35,952,2.29
2026-04-19T01:45:30.000Z,1.18,62.3,43.4,45.3,55.8,43.1,1.33,1.70,1.41,1.22,937,2.37
2026-04-19T01:45:40.000Z,1.18,63.3,44.7,46.4,55.7,44.1,1.40,1.62,1.47,1.40,939,1.92
2026-04-19T01:45:50.000Z,1.17,62.6,44.3,45.3,56.0,42.8,1.43,1.62,1.51,1.34,937,2.31
2026-04-19T01:46:00.000Z,1.15,63.6,44.1,46.0,55.7,42.5,1.30,1.51,1.49,1.37,934,1.97
2026-04-19T01:46:10.000Z,1.15,64.3,44.1,45.2,55.8,44.0,1.47,1.54,1.49,1.37,944,2.28
2026-04-19T01:46:20.000Z,1.17,64.9,43.7,45.3,55.8,43.3,1.42,1.66,1.48,1.39,942,2.24
2026-04-19T01:46:30.000Z,1.20,63.7,44.1,45.0,55.9,43.4,1.28,1.69,1.45,1.20,951,2.04
2026-04-19T01:46:40.000Z,1.20,63.4,44.4,45.0,55.9,42.8,1.28,1.56,1.50,1.28,924,2.29
2026-04-19T01:46:50.000Z,1.18,64.1,43.3,46.0,55.9,42.6,1.28,1.64,1.49,1.34,959,2.24
2026-04-19T01:47:00.000Z,1.17,63.9,44.8,46.2,56.0,43.2,1.49,1.59,1.50,1.36,929,1.86
2026-04-19T01:47:10.000Z,1.18,64.7,44.2,45.7,56.1,44.1,1.41,1.68,1.52,1.30,939,2.18
2026-04-19T01:47:20.000Z,1.19,63.3,44.1,46.9,56.0,44.0,1.29,1.59,1.50,1.26,947,2.29
2026-04-19T01:47:30.000Z,1.19,62.4,43.8,45.4,56.3,44.1,1.40,1.57,1.47,1.32,923,2.21
2026-04-19T01:47:40.000Z,1.19,62.3,43.3,45.5,56.2,44.4,1.29,1.66,1.49,1.32,947,1.92
2026-04-19T01:47:50.000Z,1.18,62.1,44.2,46.2,56.2,44.2,1.34,1.60,1.45,1.31,947,2.25
2026-04-19T01:48:00.000Z,1.15,62.8,44.1,46.5,56.4,44.1,1.51,1.71,1.49,1.25,932,1.80
2026-04-19T01:48:10.000Z,1.18,63.0,44.7,47.0,56.5,43.9,1.31,1.53,1.52,1.30,940,2.21
2026-04-19T01:48:20.000Z,1.21,63.8,43.9,45.9,56.6,44.0,1.34,1.56,1.49,1.36,957,2.29
2026-04-19T01:48:30.000Z,1.19,64.8,43.9,45.9,56.5,43.8,1.31,1.72,1.40,1.22,943,2.02
2026-04-19T01:48:40.000Z,1.21,62.9,43.3,45.0,56.4,44.3,1.50,1.71,1.50,1.28,934,1.98
2026-04-19T01:48:50.000Z,1.19,63.0,44.4,46.3,56.8,44.3,1.46,1.58,1.51,1.35,927,1.90
2026-04-19T01:49:00.000Z,1.19,64.8,44.6,46.6,56.7,42.8,1.46,1.54,1.44,1.24,953,1.91
2026-04-19T01:49:10.000Z,1.17,64.9,44.3,46.8,56.8,43.7,1.48,1.49,1.39,1.39,944,1.81
2026-04-19T01:49:20.000Z,1.20,62.6,43.2,45.8,56.8,43.5,1.35,1.70,1.45,1.38,942,2.00
2026-04-19T01:49:30.000Z,1.20,63.9,44.1,45.1,56.8,43.3,1.44,1.59,1.51,1.37,940,2.12
2026-04-19T01:49:40.000Z,1.16,63.2,43.4,46.3,56.9,43.5,1.52,1.57,1.39,1.27,921,2.09
2026-04-19T01:49:50.000Z,1.19,64.3,44.7,46.3,56.9,42.8,1.50,1.58,1.46,1.38,952,2.09
2026-04-19T01:50:00.000Z,1.17,64.4,44.2,46.0,57.1,44.1,1.39,1.60,1.52,1.36,921,2.39
2026-04-19T01:50:10.000Z,1.18,62.8,44.3,46.9,57.1,44.0,1.33,1.61,1.51,1.35,930,2.17
2026-04-19T01:50:20.000Z,1.21,64.2,43.6,45.6,57.1,43.3,1.51,1.48,1.39,1.33,958,2.39
2026-04-19T01:50:30.000Z,1.16,63.1,43.5,46.2,57.1,42.6,1.28,1.66,1.51,1.39,940,2.35
2026-04-19T01:50:40.000Z,1.17,63.1,44.6,46.0,57.2,44.2,1.40,1.59,1.51,1.24,932,2.07
2026-04-19T01:50:50.000Z,1.15,64.8,43.0,46.8,57.1,44.4,1.43,1.52,1.45,1.31,955,2.18
2026-04-19T01:51:00.000Z,1.17,63.8,44.0,45.3,57.3,44.3,1.32,1.61,1.51,1.38,934,1.88
2026-04-19T01:51:10.000Z,1.17,63.0,43.3,45.3,57.2,42.8,1.50,1.56,1.39,1.24,946,2.40
2026-04-19T01:51:20.000Z,1.20,64.2,43.5,45.6,57.4,43.4,1.34,1.55,1.39,1.40,937,2.16
2026-04-19T01:51:30.000Z,1.21,62.5,43.6,45.8,57.3,42.6,1.28,1.49,1.38,1.23,940,2.35
2026-04-19T01:51:40.000Z,1.16,62.7,44.3,46.3,57.6,43.3,1.34,1.71,1.50,1.24,927,1.81
2026-04-19T01:51:50.000Z,1.18,62.1,43.5,46.4,57.6,43.8,1.51,1.50,1.50,1.38,942,1.94
2026-04-19T01:52:00.000Z,1.18,62.7,44.2,45.4,57.3,44.4,1.48,1.55,1.48,1.29,945,2.37
2026-04-19T01:52:10.000Z,1.17,64.7,43.9,46.1,57.5,43.7,1.40,1.69,1.43,1.30,939,2.03
2026-04-19T01:52:20.000Z,1.15,64.9,43.1,45.8,57.7,43.8,1.48,1.50,1.49,1.38,920,2.36
2026-04-19T01:52:30.000Z,1.16,62.8,43.6,46.3,57.5,42.6,1.44,1.51,1.51,1.39,928,2.26
2026-04-19T01:52:40.000Z,1.19,62.2,44.0,45.8,57.7,43.8,1.47,1.65,1.44,1.36,951,1.93
2026-04-19T01:52:50.000Z,1.19,63.0,43.2,45.7,57.9,43.1,1.30,1.56,1.52,1.26,950,2.18
2026-04-19T01:53:00.000Z,1.16,62.5,44.3,45.4,58.0,43.6,1.48,1.56,1.46,1.27,953,1.81
2026-04-19T01:53:10.000Z,1.18,64.8,43.5,45.2,58.0,42.5,1.42,1.50,1.41,1.26,953,1.87
2026-04-19T01:53:20.000Z,1.20,64.6,44.8,46.9,58.0,43.5,1.34,1.51,1.52,1.21,930,2.08
2026-04-19T01:53:30.000Z,1.20,64.6,43.3,45.1,57.9,43.6,1.42,1.57,1.49,1.28,932,2.29
2026-04-19T01:53:40.000Z,1.19,63.2,43.0,46.4,58.0,43.6,1.29,1.70,1.46,1.38,928,2.40
2026-04-19T01:53:50.000Z,1.19,64.1,43.6,45.4,58.2,44.2,1.48,1.55,1.50,1.31,956,1.96
2026-04-19T01:54:00.000Z,1.16,64.1,43.0,46.7,58.1,44.0,1.35,1.58,1.52,1.38,942,1.94
2026-04-19T01:54:10.000Z,1.15,63.6,44.8,46.5,58.1,42.7,1.38,1.63,1.38,1.38,960,1.93
2026-04-19T01:54:20.000Z,1.20,62.4,43.8,46.5,58.2,43.9,1.38,1.59,1.50,1.34,933,2.31
2026-04-19T01:54:30.000Z,1.20,63.0,44.5,45.9,58.4,42.8,1.35,1.49,1.40,1.22,942,2.15
2026-04-19T01:54:40.000Z,1.17,62.2,44.9,46.4,58.2,42.6,1.44,1.68,1.41,1.36,949,1.82
2026-04-19T01:54:50.000Z,1.15,64.6,44.7,45.7,58.3,44.0,1.44,1.60,1.43,1.25,925,2.22
2026-04-19T01:55:00.000Z,1.19,62.6,43.9,45.0,58.5,43.4,1.36,1.68,1.52,1.38,952,2.19
2026-04-19T01:55:10.000Z,1.21,63.5,44.1,46.4,58.5,43.3,1.35,1.48,1.49,1.21,954,2.12
2026-04-19T01:55:20.000Z,1.18,63.2,44.6,46.0,58.4,43.4,1.47,1.63,1.45,1.24,946,2.06
2026-04-19T01:55:30.000Z,1.19,64.9,44.7,45.8,58.5,44.3,1.36,1.61,1.38,1.33,929,2.24
2026-04-19T01:55:40.000Z,1.15,64.5,45.0,45.0,58.5,43.1,1.41,1.67,1.41,1.21,959,2.35
2026-04-19T01:55:50.000Z,1.18,62.8,43.3,46.7,58.5,44.4,1.35,1.72,1.41,1.33,959,2.06
2026-04-19T01:56:00.000Z,1.18,65.0,43.1,46.9,58.7,44.2,1.34,1.71,1.38,1.32,951,1.98
2026-04-19T01:56:10.000Z,1.20,64.9,43.2,46.6,58.9,44.4,1.42,1.70,1.47,1.39,958,2.16
2026-04-19T01:56:20.000Z,1.16,64.6,44.4,45.4,58.8,44.1,1.45,1.51,1.38,1.32,946,2.04
2026-04-19T01:56:30.000Z,1.19,63.1,43.2,45.1,58.7,42.6,1.50,1.66,1.38,1.26,947,2.06
2026-04-19T01:56:40.000Z,1.18,65.0,44.5,46.3,59.0,43.8,1.30,1.49,1.48,1.33,922,2.23
2026-04-19T01:56:50.000Z,1.19,64.3,44.1,45.5,59.2,44.0,1.34,1.51,1.44,1.34,951,2.18
2026-04-19T01:57:00.000Z,1.16,62.5,43.4,45.1,59.2,43.9,1.35,1.60,1.42,1.23,921,2.08
2026-04-19T01:57:10.000Z,1.19,64.8,44.5,45.0,59.0,44.1,1.48,1.60,1.48,1.21,950,1.90
2026-04-19T01:57:20.000Z,1.19,62.6,44.3,45.6,59.3,43.1,1.28,1.70,1.50,1.29,935,2.08
2026-04-19T01:57:30.000Z,1.17,64.9,43.1,46.0,59.3,44.0,1.42,1.66,1.61,1.22,947,2.38
2026-04-19T01:57:40.000Z,1.20,64.2,43.8,45.8,59.2,42.8,1.30,1.59,1.56,1.35,940,2.31
2026-04-19T01:57:50.000Z,1.19,63.7,45.0,45.5,59.5,44.5,1.43,1.57,1.51,1.21,949,2.26
2026-04-19T01:58:00.000Z,1.19,63.3,44.0,46.3,59.5,42.9,1.41,1.60,1.55,1.33,951,2.28
2026-04-19T01:58:10.000Z,1.20,63.0,44.1,45.9,59.3,42.9,1.51,1.52,1.62,1.34,925,2.31
2026-04-19T01:58:20.000Z,1.18,62.7,44.8,45.0,59.5,42.8,1.52,1.70,1.63,1.33,928,1.90
2026-04-19T01:58:30.000Z,1.15,62.4,43.3,45.5,59.5,43.7,1.51,1.54,1.66,1.22,951,1.95
2026-04-19T01:58:40.000Z,1.17,62.4,43.0,46.9,59.7,43.2,1.32,1.50,1.69,1.34,954,2.18
2026-04-19T01:58:50.000Z,1.20,63.5,44.7,46.1,59.8,42.6,1.45,1.52,1.63,1.30,929,2.15
2026-04-19T01:59:00.000Z,1.21,63.5,43.9,46.7,60.0,43.0,1.46,1.64,1.60,1.39,927,2.07
2026-04-19T01:59:10.000Z,1.20,64.4,44.4,45.6,59.7,42.8,1.42,1.51,1.61,1.26,952,1.90
2026-04-19T01:59:20.000Z,1.17,64.2,43.1,46.7,59.9,42.6,1.36,1.61,1.68,1.23,946,2.30
2026-04-19T01:59:30.000Z,1.16,62.3,44.9,46.3,59.9,43.5,1.35,1.71,1.67,1.27,954,1.89
2026-04-19T01:59:40.000Z,1.19,63.1,43.5,46.3,60.1,42.5,1.48,1.61,1.64,1.33,938,2.23
2026-04-19T01:59:50.000Z,1.20,62.4,44.6,46.5,60.2,43.4,1.41,1.57,1.77,1.27,925,2.17
2026-04-19T02:00:00.000Z,1.19,63.0,44.5,45.1,60.3,43.6,1.30,1.72,1.80,1.32,950,2.38
2026-04-19T02:00:10.000Z,1.18,62.3,43.3,45.1,60.3,42.5,1.34,1.53,1.82,1.20,931,1.96
2026-04-19T02:00:20.000Z,1.19,64.0,43.6,46.5,60.2,42.5,1.29,1.59,1.74,1.38,958,2.26
2026-04-19T02:00:30.000Z,1.19,63.5,43.5,46.1,60.2,43.1,1.47,1.70,1.76,1.28,936,2.31
2026-04-19T02:00:40.000Z,1.17,64.4,44.7,46.2,60.6,43.8,1.31,1.60,1.81,1.22,928,2.08
2026-04-19T02:00:50.000Z,1.18,64.8,44.0,45.7,60.5,43.7,1.38,1.48,1.79,1.38,950,2.00
2026-04-19T02:01:00.000Z,1.16,64.3,43.0,45.5,60.5,43.0,1.44,1.56,1.82,1.27,947,1.93
2026-04-19T02:01:10.000Z,1.17,62.8,43.3,45.4,60.5,44.3,1.30,1.52,1.75,1.21,937,2.36
2026-04-19T02:01:20.000Z,1.15,62.5,43.3,45.2,60.7,44.1,1.43,1.58,1.77,1.30,947,1.87
2026-04-19T02:01:30.000Z,1.17,63.3,44.6,46.5,60.6,43.3,1.29,1.54,1.86,1.20,925,1.85
2026-04-19T02:01:40.000Z,1.18,63.4,44.7,46.3,60.6,43.5,1.51,1.70,1.91,1.20,942,2.28
2026-04-19T02:01:50.000Z,1.18,62.2,44.6,45.1,60.7,43.3,1.32,1.70,1.90,1.35,923,1.85
2026-04-19T02:02:00.000Z,1.15,63.4,44.6,46.0,61.0,42.8,1.50,1.57,1.90,1.32,944,2.22
2026-04-19T02:02:10.000Z,1.15,63.8,43.7,45.9,60.8,44.0,1.36,1.53,1.85,1.27,945,1.88
2026-04-19T02:02:20.000Z,1.19,62.4,45.0,46.5,61.0,43.8,1.37,1.49,1.99,1.24,921,1.85
2026-04-19T02:02:30.000Z,1.20,63.6,44.0,46.0,61.1,43.5,1.43,1.63,1.97,1.30,936,2.29
2026-04-19T02:02:40.000Z,1.19,63.7,44.5,45.3,61.2,43.5,1.48,1.60,1.95,1.23,936,1.91
2026-04-19T02:02:50.000Z,1.17,62.2,43.1,45.3,61.4,43.4,1.36,1.69,1.96,1.27,947,2.00
2026-04-19T02:03:00.000Z,1.18,62.1,43.4,46.3,61.1,43.9,1.46,1.66,1.91,1.37,956,2.05
2026-04-19T02:03:10.000Z,1.19,62.2,44.3,45.1,61.4,44.5,1.51,1.52,1.98,1.38,946,2.39
2026-04-19T02:03:20.000Z,1.20,64.2,44.0,46.9,61.4,44.2,1.40,1.71,1.95,1.31,948,1.81
2026-04-19T02:03:30.000Z,1.21,63.6,43.3,45.8,61.5,42.7,1.45,1.62,2.10,1.39,947,2.32
2026-04-19T02:03:40.000Z,1.15,62.4,44.1,45.9,61.3,43.5,1.50,1.60,2.03,1.28,959,1.93
2026-04-19T02:03:50.000Z,1.18,63.2,44.5,45.9,61.7,44.2,1.52,1.70,2.11,1.27,937,2.12
2026-04-19T02:04:00.000Z,1.20,62.6,44.0,45.7,61.7,42.5,1.46,1.67,2.06,1.30,951,2.33
2026-04-19T02:04:10.000Z,1.19,64.7,44.2,47.0,61.8,43.1,1.51,1.59,2.03,1.34,959,1.96
2026-04-19T02:04:20.000Z,1.18,62.9,43.7,47.0,61.9,43.7,1.34,1.72,2.16,1.32,926,2.13
2026-04-19T02:04:30.000Z,1.16,64.4,43.9,45.0,62.0,43.2,1.51,1.62,2.07,1.36,956,1.89
2026-04-19T02:04:40.000Z,1.20,62.1,44.7,46.9,61.8,44.3,1.51,1.49,2.19,1.26,953,2.20
2026-04-19T02:04:50.000Z,1.19,63.1,44.7,45.3,61.9,43.6,1.52,1.64,2.14,1.27,955,1.87
2026-04-19T02:05:00.000Z,1.18,63.3,43.2,46.8,62.1,43.2,1.49,1.60,2.13,1.36,924,1.86
2026-04-19T02:05:10.000Z,1.19,63.0,44.3,45.8,62.3,44.3,1.44,1.56,2.21,1.35,959,2.20
2026-04-19T02:05:20.000Z,1.15,64.0,43.4,46.9,62.2,43.5,1.42,1.57,2.24,1.24,945,2.27
2026-04-19T02:05:30.000Z,1.17,62.2,43.7,45.4,62.4,44.5,1.49,1.49,2.14,1.32,946,2.24
2026-04-19T02:05:40.000Z,1.20,63.2,43.8,45.1,62.4,43.6,1.45,1.69,2.15,1.35,942,2.00
2026-04-19T02:05:50.000Z,1.21,64.6,44.9,46.6,62.4,43.8,1.32,1.54,2.27,1.23,952,1.99
2026-04-19T02:06:00.000Z,1.19,62.8,43.7,46.4,62.5,44.5,1.34,1.65,2.19,1.27,954,2.29
2026-04-19T02:06:10.000Z,1.20,64.4,44.2,46.3,62.5,42.6,1.31,1.60,2.23,1.31,943,2.07
2026-04-19T02:06:20.000Z,1.16,64.7,43.6,45.8,62.6,43.3,1.51,1.60,2.24,1.26,923,1.85
2026-04-19T02:06:30.000Z,1.20,64.1,44.0,45.4,62.5,42.6,1.49,1.68,2.23,1.30,959,2.27
2026-04-19T02:06:40.000Z,1.21,64.4,43.4,46.2,62.5,43.4,1.36,1.55,2.26,1.31,953,2.06
2026-04-19T02:06:50.000Z,1.21,63.4,44.0,45.5,62.7,44.0,1.47,1.69,2.33,1.35,929,2.35
2026-04-19T02:07:00.000Z,1.16,64.5,43.2,46.5,63.0,43.1,1.41,1.49,2.39,1.37,939,2.01
2026-04-19T02:07:10.000Z,1.20,62.6,44.9,47.0,63.1,42.7,1.33,1.55,2.32,1.26,925,1.85
2026-04-19T02:07:20.000Z,1.19,62.4,44.4,45.7,63.1,42.9,1.34,1.55,2.30,1.20,923,2.22
2026-04-19T02:07:30.000Z,1.20,62.6,44.5,46.7,63.1,44.3,1.48,1.51,2.30,1.28,947,1.83
2026-04-19T02:07:40.000Z,1.21,64.6,44.5,46.2,62.9,43.8,1.39,1.55,2.31,1.34,947,2.12
2026-04-19T02:07:50.000Z,1.17,62.6,43.3,45.6,63.2,43.3,1.32,1.64,2.34,1.29,933,1.91
2026-04-19T02:08:00.000Z,1.19,64.1,44.3,45.8,63.3,43.5,1.28,1.58,2.47,1.37,924,2.15
2026-04-19T02:08:10.000Z,1.16,63.6,43.6,45.3,63.3,42.8,1.35,1.72,2.41,1.22,950,2.38
2026-04-19T02:08:20.000Z,1.16,63.5,43.4,45.6,63.3,43.3,1.39,1.48,2.40,1.24,930,2.29
2026-04-19T02:08:30.000Z,1.17,63.0,43.6,46.8,63.6,42.9,1.46,1.63,2.42,1.33,949,2.16
2026-04-19T02:08:40.000Z,1.21,62.8,43.1,46.4,63.4,43.5,1.46,1.70,2.50,1.24,925,2.31
2026-04-19T02:08:50.000Z,1.17,62.6,44.6,46.9,63.7,44.1,1.29,1.59,2.44,1.32,935,2.10
2026-04-19T02:09:00.000Z,1.15,62.7,43.8,45.9,63.6,43.0,1.39,1.63,2.45,1.31,942,1.82
2026-04-19T02:09:10.000Z,1.19,64.5,44.8,45.3,63.7,44.4,1.48,1.53,2.43,1.26,930,2.14
2026-04-19T02:09:20.000Z,1.18,62.1,44.8,45.4,63.6,42.9,1.37,1.70,2.51,1.28,921,2.00
2026-04-19T02:09:30.000Z,1.20,64.6,43.5,46.6,63.6,43.1,1.43,1.52,2.54,1.23,922,2.25
2026-04-19T02:09:40.000Z,1.17,62.2,43.1,47.0,63.8,44.4,1.38,1.70,2.46,1.31,928,2.23
2026-04-19T02:09:50.000Z,1.19,63.4,44.7,46.7,63.8,44.3,1.47,1.59,2.56,1.32,926,1.96
2026-04-19T02:10:00.000Z,1.20,63.0,44.2,46.7,63.9,43.4,1.33,1.53,2.49,1.39,921,1.98
2026-04-19T02:10:10.000Z,1.20,63.7,43.8,46.2,64.1,42.5,1.38,1.66,2.53,1.38,933,2.01
2026-04-19T02:10:20.000Z,1.17,63.9,44.6,46.6,64.0,43.0,1.46,1.48,2.63,1.28,935,2.12
2026-04-19T02:10:30.000Z,1.17,62.8,44.1,45.8,64.3,43.7,1.35,1.63,2.59,1.22,955,2.20
2026-04-19T02:10:40.000Z,1.20,62.4,43.1,46.5,64.3,43.2,1.51,1.53,2.56,1.21,957,2.04
2026-04-19T02:10:50.000Z,1.16,62.0,44.5,45.2,64.3,42.6,1.46,1.59,2.64,1.39,932,2.10
2026-04-19T02:11:00.000Z,1.19,62.2,44.8,46.5,64.3,43.4,1.37,1.72,2.61,1.34,940,1.82
2026-04-19T02:11:10.000Z,1.18,64.7,43.5,45.9,64.2,44.1,1.35,1.54,2.69,1.23,955,2.02
2026-04-19T02:11:20.000Z,1.18,63.1,45.0,46.8,64.3,44.4,1.52,1.49,2.61,1.25,957,2.22
2026-04-19T02:11:30.000Z,1.18,64.2,43.1,45.1,64.7,43.9,1.47,1.57,2.64,1.27,931,2.35
2026-04-19T02:11:40.000Z,1.18,64.3,44.4,46.9,64.7,43.2,1.41,1.54,2.68,1.38,944,2.17
2026-04-19T02:11:50.000Z,1.21,64.6,43.5,46.6,64.5,43.9,1.45,1.57,2.65,1.27,939,1.81
2026-04-19T02:12:00.000Z,1.16,62.6,43.7,46.9,64.6,42.8,1.50,1.57,2.75,1.37,955,1.92
2026-04-19T02:12:10.000Z,1.18,62.1,43.6,45.5,64.8,42.8,1.29,1.68,2.80,1.33,936,2.09
2026-04-19T02:12:20.000Z,1.19,62.2,43.7,47.0,64.6,43.1,1.40,1.67,2.77,1.25,925,2.37
2026-04-19T02:12:30.000Z,1.17,64.4,43.3,46.1,64.9,43.3,1.41,1.49,2.72,1.33,955,2.29
2026-04-19T02:12:40.000Z,1.15,64.7,44.4,46.2,65.2,44.5,1.50,1.54,2.80,1.35,930,2.14
2026-04-19T02:12:50.000Z,1.18,63.9,43.7,45.7,65.0,42.7,1.39,1.66,2.85,1.30,936,2.33
2026-04-19T02:13:00.000Z,1.20,63.3,43.9,45.7,65.0,43.7,1.45,1.55,2.82,1.28,939,2.15
2026-04-19T02:13:10.000Z,1.21,62.3,43.9,46.3,64.9,44.3,1.29,1.52,2.87,1.24,924,2.15
2026-04-19T02:13:20.000Z,1.15,63.9,44.2,46.7,65.0,43.5,1.31,1.53,2.90,1.35,943,1.90
2026-04-19T02:13:30.000Z,1.18,63.0,43.4,46.3,65.2,43.3,1.45,1.72,2.84,1.23,937,2.25
2026-04-19T02:13:40.000Z,1.20,64.7,44.7,45.2,65.2,43.5,1.47,1.50,2.95,1.26,956,2.39
2026-04-19T02:13:50.000Z,1.20,64.7,44.6,46.3,65.5,42.7,1.44,1.62,2.88,1.25,924,2.29
2026-04-19T02:14:00.000Z,1.15,62.3,43.9,45.2,65.6,42.9,1.41,1.48,2.93,1.24,939,2.09
2026-04-19T02:14:10.000Z,1.19,62.8,44.4,46.0,65.7,43.3,1.46,1.60,2.99,1.29,951,1.82
2026-04-19T02:14:20.000Z,1.20,64.4,43.9,46.2,65.6,44.4,1.40,1.67,2.96,1.29,922,2.24
2026-04-19T02:14:30.000Z,1.19,63.2,44.7,46.9,65.6,43.4,1.29,1.60,2.90,1.31,956,2.07
2026-04-19T02:14:40.000Z,1.20,65.0,44.3,45.3,65.8,44.2,1.31,1.57,2.92,1.29,932,2.27
2026-04-19T02:14:50.000Z,1.18,62.5,44.5,46.0,65.8,44.4,1.30,1.72,2.92,1.37,920,2.26
2026-04-19T02:15:00.000Z,1.20,64.6,43.2,45.6,65.7,43.4,1.33,1.61,2.98,1.23,929,1.92
2026-04-19T02:15:10.000Z,1.17,62.7,43.6,45.1,65.7,43.7,1.48,1.60,2.96,1.40,950,2.12
2026-04-19T02:15:20.000Z,1.18,62.1,44.5,46.3,66.0,43.6,1.52,1.50,3.10,1.30,927,1.92
2026-04-19T02:15:30.000Z,1.16,63.1,43.6,46.5,66.2,43.4,1.40,1.64,3.04,1.25,951,2.36
2026-04-19T02:15:40.000Z,1.21,63.8,44.0,46.5,66.2,42.9,1.45,1.69,3.11,1.33,958,2.08
2026-04-19T02:15:50.000Z,1.18,64.2,43.5,46.0,66.1,43.5,1.33,1.55,3.03,1.28,941,2.15
2026-04-19T02:16:00.000Z,1.20,63.0,44.6,46.9,66.3,44.5,1.46,1.65,3.01,1.38,955,2.35
2026-04-19T02:16:10.000Z,1.17,63.5,44.7,46.2,66.2,43.4,1.35,1.69,3.17,1.29,956,1.86
2026-04-19T02:16:20.000Z,1.17,64.7,43.8,45.3,66.2,43.7,1.46,1.55,3.18,1.38,929,2.07
2026-04-19T02:16:30.000Z,1.18,64.2,43.6,46.8,66.4,44.4,1.51,1.59,3.19,1.40,955,2.31
2026-04-19T02:16:40.000Z,1.18,64.5,43.6,45.3,66.6,43.0,1.45,1.71,3.21,1.22,957,2.35
2026-04-19T02:16:50.000Z,1.18,62.7,43.4,46.2,66.6,43.4,1.35,1.50,3.12,1.37,942,2.19
2026-04-19T02:17:00.000Z,1.18,62.7,43.8,45.3,66.6,43.1,1.34,1.65,3.11,1.26,937,2.14
2026-04-19T02:17:10.000Z,1.21,63.2,44.5,45.4,66.5,42.8,1.36,1.67,3.19,1.36,949,2.04
2026-04-19T02:17:20.000Z,1.18,63.0,43.3,45.9,66.6,43.6,1.38,1.54,3.16,1.40,943,2.32
2026-04-19T02:17:30.000Z,1.21,63.8,43.6,46.6,66.9,42.7,1.37,1.59,3.17,1.26,933,1.89
2026-04-19T02:17:40.000Z,1.18,64.2,43.7,46.1,67.0,42.7,1.52,1.64,3.17,1.24,943,2.08
2026-04-19T02:17:50.000Z,1.15,64.7,43.2,46.0,67.0,44.1,1.28,1.62,3.28,1.34,948,2.37
2026-04-19T02:18:00.000Z,1.16,64.3,43.8,47.0,67.2,42.6,1.46,1.70,3.31,1.35,927,2.05
2026-04-19T02:18:10.000Z,1.20,62.9,43.2,45.6,67.0,43.5,1.32,1.54,3.22,1.29,941,1.99
2026-04-19T02:18:20.000Z,1.18,62.2,43.5,45.2,67.3,43.5,1.41,1.59,3.31,1.22,932,1.98
2026-04-19T02:18:30.000Z,1.20,63.9,43.6,45.1,67.2,43.6,1.33,1.70,3.32,1.27,945,2.13
2026-04-19T02:18:40.000Z,1.19,63.7,43.5,46.3,67.3,44.1,1.50,1.66,3.30,1.26,924,2.22
2026-04-19T02:18:50.000Z,1.19,64.2,43.9,45.2,67.1,42.6,1.29,1.72,3.35,1.30,936,2.30
2026-04-19T02:19:00.000Z,1.19,62.3,44.8,47.0,67.5,43.4,1.36,1.49,3.27,1.39,936,1.87
2026-04-19T02:19:10.000Z,1.16,63.8,43.9,46.0,67.6,43.6,1.41,1.53,3.33,1.40,925,1.85
2026-04-19T02:19:20.000Z,1.20,64.0,43.6,46.4,67.4,43.0,1.37,1.56,3.43,1.29,933,1.97
2026-04-19T02:19:30.000Z,1.18,64.6,43.5,46.2,67.5,43.6,1.49,1.67,3.35,1.35,946,1.80
2026-04-19T02:19:40.000Z,1.20,63.5,44.9,46.5,67.4,43.6,1.52,1.62,3.45,1.37,954,2.20
2026-04-19T02:19:50.000Z,1.18,63.0,43.0,46.2,67.6,43.4,1.44,1.55,3.35,1.21,930,2.14
2026-04-19T02:20:00.000Z,1.20,63.7,43.8,45.1,67.8,42.9,1.34,1.56,3.47,1.39,938,1.99
2026-04-19T02:20:10.000Z,1.20,64.7,43.7,46.6,67.9,43.4,1.51,1.67,3.44,1.25,945,1.93
2026-04-19T02:20:20.000Z,1.20,64.8,43.5,46.3,67.8,43.1,1.52,1.52,3.52,1.40,935,2.13
2026-04-19T02:20:30.000Z,1.17,64.2,44.4,45.1,67.8,43.7,1.52,1.63,3.42,1.29,927,1.95
2026-04-19T02:20:40.000Z,1.19,64.7,44.9,46.2,67.8,43.3,1.33,1.48,3.43,1.32,939,1.84
2026-04-19T02:20:50.000Z,1.20,64.3,44.3,45.7,68.0,43.9,1.33,1.56,3.44,1.37,921,1.95
2026-04-19T02:21:00.000Z,1.18,62.8,44.0,45.8,68.2,44.3,1.36,1.72,3.44,1.21,950,2.13
2026-04-19T02:21:10.000Z,1.19,64.2,44.6,46.8,68.0,44.3,1.36,1.68,3.53,1.36,957,2.14
2026-04-19T02:21:20.000Z,1.19,62.4,43.1,45.4,68.3,43.3,1.49,1.54,3.60,1.37,956,2.23
2026-04-19T02:21:30.000Z,1.16,63.3,43.9,46.4,68.3,43.8,1.30,1.72,3.50,1.35,932,1.96
2026-04-19T02:21:40.000Z,1.17,63.6,44.5,46.6,68.2,42.7,1.42,1.58,3.51,1.35,939,2.06
2026-04-19T02:21:50.000Z,1.20,64.4,43.8,46.9,68.6,43.5,1.31,1.64,3.52,1.30,933,2.31
2026-04-19T02:22:00.000Z,1.16,64.0,45.0,46.1,68.6,44.0,1.30,1.48,3.67,1.25,943,2.09
2026-04-19T02:22:10.000Z,1.19,62.2,44.3,45.9,68.4,43.3,1.48,1.54,3.55,1.36,931,2.29
2026-04-19T02:22:20.000Z,1.15,63.8,44.6,45.9,68.6,44.2,1.35,1.51,3.57,1.35,924,2.35
2026-04-19T02:22:30.000Z,1.16,62.4,44.1,46.6,68.8,44.4,1.51,1.52,3.67,1.28,950,2.34
2026-04-19T02:22:40.000Z,1.19,63.1,43.7,46.2,68.9,43.5,1.35,1.65,3.67,1.37,959,1.87
2026-04-19T02:22:50.000Z,1.16,64.5,44.7,45.7,68.8,43.4,1.39,1.53,3.60,1.35,957,2.08
2026-04-19T02:23:00.000Z,1.18,64.4,44.8,46.4,68.8,43.8,1.38,1.66,3.62,1.38,922,1.85
2026-04-19T02:23:10.000Z,1.17,64.2,44.3,46.9,69.1,42.5,1.45,1.58,3.62,1.31,925,2.02
2026-04-19T02:23:20.000Z,1.17,62.3,44.1,45.9,68.9,42.6,1.28,1.52,3.75,1.29,927,2.15
2026-04-19T02:23:30.000Z,1.21,64.2,43.2,45.3,69.0,43.7,1.34,1.50,3.71,1.29,958,2.03
2026-04-19T02:23:40.000Z,1.20,62.9,44.2,45.2,69.3,43.9,1.45,1.57,3.72,1.39,927,2.39
2026-04-19T02:23:50.000Z,1.17,63.4,44.8,45.4,69.4,43.2,1.45,1.69,3.67,1.34,959,2.34
2026-04-19T02:24:00.000Z,1.18,62.0,43.9,45.4,69.3,42.7,1.32,1.49,3.76,1.25,932,1.91
2026-04-19T02:24:10.000Z,1.18,62.7,44.9,45.4,69.4,42.9,1.30,1.54,3.78,1.29,949,2.16
2026-04-19T02:24:20.000Z,1.18,63.1,43.7,45.2,69.4,42.5,1.33,1.50,3.84,1.23,946,2.22
2026-04-19T02:24:30.000Z,1.20,63.6,44.3,46.5,69.3,43.7,1.43,1.72,3.73,1.26,938,1.88
2026-04-19T02:24:40.000Z,1.21,63.8,44.1,45.5,69.7,43.1,1.28,1.50,3.79,1.39,940,2.37
2026-04-19T02:24:50.000Z,1.16,63.3,43.6,45.1,69.4,44.3,1.44,1.60,3.76,1.38,920,1.93
2026-04-19T02:25:00.000Z,1.15,62.4,43.7,46.9,69.4,42.9,1.33,1.48,3.88,1.34,943,2.09
2026-04-19T02:25:10.000Z,1.21,62.4,43.4,45.2,69.5,42.6,1.48,1.59,3.78,1.38,940,2.12
2026-04-19T02:25:20.000Z,1.16,63.9,43.1,45.3,69.7,44.0,1.35,1.53,3.81,1.26,945,1.95
2026-04-19T02:25:30.000Z,1.19,63.0,44.1,46.4,69.6,42.8,1.52,1.66,3.87,1.36,959,2.00
2026-04-19T02:25:40.000Z,1.18,64.3,44.1,45.1,69.7,42.7,1.34,1.60,3.94,1.38,923,2.11
2026-04-19T02:25:50.000Z,1.17,64.5,44.9,46.0,69.9,43.1,1.40,1.51,3.85,1.36,923,2.36
2026-04-19T02:26:00.000Z,1.20,64.6,43.3,45.7,69.9,43.2,1.35,1.59,3.87,1.24,932,2.35
2026-04-19T02:26:10.000Z,1.19,64.9,44.4,46.3,70.0,44.1,1.28,1.67,3.93,1.31,928,2.32
2026-04-19T02:26:20.000Z,1.16,64.4,43.8,46.2,70.0,43.0,1.40,1.64,3.87,1.28,920,2.23
2026-04-19T02:26:30.000Z,1.16,63.9,44.1,46.6,70.1,43.2,1.52,1.67,3.91,1.37,933,1.83
2026-04-19T02:26:40.000Z,1.18,63.9,44.8,46.2,70.4,44.1,1.38,1.64,4.00,1.24,949,2.06
2026-04-19T02:26:50.000Z,1.17,64.8,44.4,46.4,70.4,43.2,1.31,1.68,3.97,1.34,944,1.81
2026-04-19T02:27:00.000Z,1.17,64.3,43.2,46.1,70.3,43.0,1.28,1.55,4.01,1.37,929,1.82
2026-04-19T02:27:10.000Z,1.18,64.6,43.3,46.2,70.6,42.7,1.31,1.70,4.09,1.35,960,2.22
2026-04-19T02:27:20.000Z,1.18,62.5,43.2,45.9,70.5,43.9,1.52,1.50,4.22,1.30,954,2.22
2026-04-19T02:27:30.000Z,1.16,62.8,43.5,45.2,70.5,44.3,1.47,1.64,4.20,1.26,944,2.29
2026-04-19T02:27:40.000Z,1.20,62.9,43.9,46.2,70.5,43.8,1.29,1.51,4.19,1.35,933,2.34
2026-04-19T02:27:50.000Z,1.16,62.5,44.2,45.6,70.8,44.4,1.46,1.51,4.33,1.37,954,2.27
2026-04-19T02:28:00.000Z,1.17,64.0,45.0,45.5,70.6,42.6,1.33,1.64,4.32,1.33,932,2.32
2026-04-19T02:28:10.000Z,1.18,63.9,44.3,45.9,70.9,42.9,1.32,1.71,4.30,1.23,935,1.95
2026-04-19T02:28:20.000Z,1.16,63.1,43.5,45.3,71.1,42.7,1.39,1.54,4.43,1.36,924,1.89
2026-04-19T02:28:30.000Z,1.19,64.6,44.9,45.3,70.9,42.6,1.51,1.58,4.40,1.33,960,1.95
2026-04-19T02:28:40.000Z,1.20,63.5,43.6,45.3,70.9,42.6,1.29,1.54,4.54,1.25,951,2.19
2026-04-19T02:28:50.000Z,1.21,64.5,44.7,46.4,71.1,42.6,1.32,1.71,4.55,1.36,958,1.96
2026-04-19T02:29:00.000Z,1.18,64.9,43.4,46.7,71.1,44.1,1.30,1.71,4.55,1.26,936,1.91
2026-04-19T02:29:10.000Z,1.17,63.5,44.2,45.2,71.3,43.2,1.49,1.55,4.55,1.26,940,2.22
2026-04-19T02:29:20.000Z,1.20,64.1,43.4,45.0,71.4,43.0,1.35,1.60,4.65,1.29,959,2.32
2026-04-19T02:29:30.000Z,1.18,63.7,44.9,46.6,71.4,43.0,1.49,1.58,4.60,1.30,944,2.20
2026-04-19T02:29:40.000Z,1.19,62.2,43.8,46.8,71.5,42.8,1.43,1.68,4.72,1.24,948,2.04
2026-04-19T02:29:50.000Z,1.19,64.9,43.2,45.2,71.4,43.5,1.33,1.61,4.76,1.38,958,2.36
2026-04-19T02:30:00.000Z,1.18,64.4,43.6,46.5,71.6,42.5,1.39,1.67,4.80,1.24,927,2.02
2026-04-19T02:30:10.000Z,1.20,63.7,44.4,45.0,71.5,43.5,1.44,1.51,4.77,1.32,925,2.22
2026-04-19T02:30:20.000Z,1.17,64.5,44.0,46.0,71.6,42.9,1.44,1.55,4.83,1.23,923,1.81
2026-04-19T02:30:30.000Z,1.18,63.5,43.7,46.5,71.6,44.0,1.51,1.49,4.89,1.30,923,1.92
2026-04-19T02:30:40.000Z,1.19,62.4,44.5,46.7,71.7,42.8,1.29,1.62,5.00,1.26,929,1.89
2026-04-19T02:30:50.000Z,1.19,62.2,43.3,45.9,71.8,44.0,1.34,1.53,5.00,1.29,935,2.14
2026-04-19T02:31:00.000Z,1.17,62.4,43.6,46.5,71.7,43.6,1.48,1.55,5.06,1.20,958,1.87
2026-04-19T02:31:10.000Z,1.19,64.1,43.8,45.7,72.1,43.0,1.49,1.58,5.10,1.22,936,2.01
2026-04-19T02:31:20.000Z,1.18,62.4,44.0,46.4,71.9,44.4,1.48,1.54,5.01,1.28,935,2.36
2026-04-19T02:31:30.000Z,1.17,63.3,43.0,47.0,72.2,42.7,1.39,1.55,5.19,1.25,945,2.19
2026-04-19T02:31:40.000Z,1.21,63.8,44.9,46.1,72.3,43.5,1.34,1.57,5.22,1.33,925,1.89
2026-04-19T02:31:50.000Z,1.15,64.7,44.9,46.9,72.1,43.6,1.43,1.49,5.13,1.22,926,2.24
2026-04-19T02:32:00.000Z,1.20,62.7,43.9,45.7,72.4,44.1,1.45,1.67,5.26,1.31,931,2.37
2026-04-19T02:32:10.000Z,1.19,63.1,44.6,45.4,72.5,43.7,1.38,1.61,5.33,1.30,926,2.17
2026-04-19T02:32:20.000Z,1.20,63.9,44.4,45.7,72.5,43.9,1.39,1.49,5.29,1.24,947,2.16
2026-04-19T02:32:30.000Z,1.15,64.5,43.6,45.1,72.4,43.9,1.41,1.59,5.41,1.23,955,2.39
2026-04-19T02:32:40.000Z,1.18,64.6,44.6,46.1,72.5,43.5,1.41,1.55,5.44,1.37,959,1.86
2026-04-19T02:32:50.000Z,1.18,62.3,43.1,45.4,72.5,43.8,1.48,1.60,5.45,1.33,956,2.01
2026-04-19T02:33:00.000Z,1.16,62.2,43.6,46.1,72.8,44.1,1.31,1.61,5.47,1.24,926,1.80
2026-04-19T02:33:10.000Z,1.19,64.6,44.9,46.1,72.6,43.1,1.35,1.53,5.53,1.24,942,2.12
2026-04-19T02:33:20.000Z,1.18,65.0,43.6,45.8,72.8,43.6,1.29,1.59,5.48,1.34,923,2.00
2026-04-19T02:33:30.000Z,1.16,62.7,44.1,47.0,72.7,43.7,1.48,1.63,5.53,1.20,924,2.15
2026-04-19T02:33:40.000Z,1.20,64.3,44.6,46.5,72.7,44.3,1.29,1.63,5.67,1.33,941,2.01
2026-04-19T02:33:50.000Z,1.16,62.1,43.8,46.4,73.1,42.8,1.35,1.66,5.66,1.33,934,2.38
2026-04-19T02:34:00.000Z,1.18,64.3,44.8,46.2,72.8,43.0,1.44,1.61,5.70,1.40,951,2.09
2026-04-19T02:34:10.000Z,1.18,63.8,44.8,47.0,72.9,44.1,1.43,1.66,5.81,1.23,958,2.09
2026-04-19T02:34:20.000Z,1.16,62.2,45.0,45.3,73.0,43.6,1.28,1.55,5.72,1.35,943,2.22
2026-04-19T02:34:30.000Z,1.17,64.8,43.3,46.8,73.3,44.5,1.37,1.65,5.86,1.29,952,1.95
2026-04-19T02:34:40.000Z,1.16,63.8,44.8,47.0,73.4,43.5,1.44,1.64,5.78,1.23,929,1.95
2026-04-19T02:34:50.000Z,1.20,64.2,44.7,45.2,73.3,44.0,1.42,1.56,5.91,1.27,940,2.36
2026-04-19T02:35:00.000Z,1.18,64.8,44.0,45.2,73.2,42.8,1.28,1.72,5.90,1.32,956,1.93
2026-04-19T02:35:10.000Z,1.16,63.5,44.6,45.7,73.3,44.2,1.28,1.67,6.00,1.35,951,2.21
2026-04-19T02:35:20.000Z,1.19,63.3,44.7,45.9,73.6,43.6,1.51,1.50,5.93,1.34,946,2.22
2026-04-19T02:35:30.000Z,1.17,62.7,44.5,46.5,73.4,43.6,1.45,1.60,6.11,1.35,942,2.25
2026-04-19T02:35:40.000Z,1.16,64.7,43.7,45.2,73.7,43.1,1.29,1.68,6.14,1.32,941,2.03
2026-04-19T02:35:50.000Z,1.15,63.4,44.4,45.3,73.9,43.0,1.44,1.58,6.09,1.28,944,2.23
2026-04-19T02:36:00.000Z,1.16,63.4,44.7,46.6,73.7,43.3,1.41,1.58,6.14,1.21,956,2.28
2026-04-19T02:36:10.000Z,1.15,64.7,43.2,46.1,74.0,42.8,1.30,1.70,6.15,1.24,934,2.15
2026-04-19T02:36:20.000Z,1.18,62.1,43.0,45.5,74.0,44.1,1.46,1.65,6.24,1.32,957,2.17
2026-04-19T02:36:30.000Z,1.20,64.0,44.0,46.7,74.1,43.1,1.45,1.55,6.24,1.31,935,2.12
2026-04-19T02:36:40.000Z,1.18,62.5,43.9,46.3,74.2,42.8,1.40,1.59,6.35,1.34,943,2.16
2026-04-19T02:36:50.000Z,1.16,64.7,43.7,45.0,73.9,42.8,1.37,1.58,6.35,1.24,955,2.23
2026-04-19T02:37:00.000Z,1.17,63.0,43.5,46.4,74.1,42.7,1.50,1.71,6.33,1.21,952,1.96
2026-04-19T02:37:10.000Z,1.16,63.0,44.7,45.2,74.3,43.6,1.52,1.68,6.47,1.31,925,2.13
2026-04-19T02:37:20.000Z,1.17,63.5,43.4,46.7,74.1,42.8,1.35,1.70,6.51,1.35,952,2.04
2026-04-19T02:37:30.000Z,1.18,63.0,43.8,47.0,74.3,43.6,1.38,1.64,6.50,1.30,945,2.16
2026-04-19T02:37:40.000Z,1.18,63.5,43.5,46.2,74.6,43.1,1.40,1.51,6.61,1.38,932,2.22
2026-04-19T02:37:50.000Z,1.18,64.7,43.1,46.8,74.6,43.4,1.28,1.70,6.57,1.26,929,2.14
2026-04-19T02:38:00.000Z,1.20,63.5,44.2,46.5,74.4,44.2,1.29,1.72,6.69,1.30,938,2.08
2026-04-19T02:38:10.000Z,1.17,62.3,43.8,46.4,74.5,43.4,1.49,1.50,6.70,1.28,955,1.99
2026-04-19T02:38:20.000Z,1.18,64.6,44.0,45.9,74.5,43.5,1.38,1.56,6.70,1.23,952,2.38
2026-04-19T02:38:30.000Z,1.21,64.6,44.9,46.5,74.5,43.0,1.39,1.60,6.78,1.33,945,2.34
2026-04-19T02:38:40.000Z,1.15,62.6,44.8,45.7,74.7,43.7,1.52,1.62,6.74,1.33,923,2.38
2026-04-19T02:38:50.000Z,1.17,62.1,44.2,45.1,74.8,43.0,1.47,1.61,6.76,1.20,951,2.28
2026-04-19T02:39:00.000Z,1.16,64.1,43.3,46.2,74.8,43.8,1.36,1.63,6.92,1.28,933,2.13
2026-04-19T02:39:10.000Z,1.20,62.7,44.2,45.9,75.1,44.0,1.44,1.64,6.92,1.30,942,1.91
2026-04-19T02:39:20.000Z,1.17,62.0,44.8,46.0,74.9,42.9,1.46,1.66,6.95,1.35,928,1.90
2026-04-19T02:39:30.000Z,1.16,63.4,43.5,45.5,75.1,42.7,1.42,1.65,7.02,1.27,946,2.24
2026-04-19T02:39:40.000Z,1.20,64.7,43.3,45.0,75.0,42.8,1.48,1.67,7.05,1.24,939,2.15
2026-04-19T02:39:50.000Z,1.20,62.6,43.9,45.4,75.0,44.3,1.29,1.70,7.12,1.35,950,1.87
2026-04-19T02:40:00.000Z,1.16,64.9,43.3,45.5,75.1,42.9,1.52,1.56,7.15,1.36,934,1.86
2026-04-19T02:40:10.000Z,1.19,65.0,43.6,46.2,75.4,43.5,1.46,1.49,7.18,1.23,929,2.12
2026-04-19T02:40:20.000Z,1.16,64.7,43.8,46.2,75.5,43.3,1.31,1.63,7.18,1.24,955,2.00
2026-04-19T02:40:30.000Z,1.21,64.9,44.8,46.4,75.6,43.3,1.51,1.69,7.23,1.22,931,2.31
2026-04-19T02:40:40.000Z,1.16,64.5,44.8,46.7,75.6,42.9,1.51,1.49,7.27,1.27,943,2.01
2026-04-19T02:40:50.000Z,1.15,63.5,44.7,46.7,75.5,43.8,1.47,1.61,7.30,1.30,920,2.35
2026-04-19T02:41:00.000Z,1.20,64.9,43.4,46.1,75.8,43.0,1.41,1.55,7.34,1.36,930,2.36
2026-04-19T02:41:10.000Z,1.21,62.5,44.5,45.0,75.8,43.6,1.52,1.51,7.31,1.31,921,2.06
2026-04-19T02:41:20.000Z,1.17,62.4,43.1,46.8,75.8,43.9,1.28,1.68,7.44,1.34,940,1.98
2026-04-19T02:41:30.000Z,1.16,64.6,44.3,46.4,76.0,43.5,1.29,1.65,7.38,1.28,949,2.02
2026-04-19T02:41:40.000Z,1.16,64.0,44.0,45.6,75.9,42.7,1.35,1.48,7.55,1.26,925,2.13
2026-04-19T02:41:50.000Z,1.19,63.2,43.1,45.7,75.9,43.8,1.29,1.66,7.53,1.35,937,2.26
2026-04-19T02:42:00.000Z,1.21,64.1,44.4,46.3,76.0,42.6,1.39,1.58,7.62,1.35,923,2.19
2026-04-19T02:42:10.000Z,1.16,62.8,44.4,46.3,76.2,44.0,1.51,1.48,7.66,1.38,951,2.04
2026-04-19T02:42:20.000Z,1.19,64.7,44.3,46.2,76.3,43.9,1.29,1.55,7.71,1.22,958,2.24
2026-04-19T02:42:30.000Z,1.20,62.1,43.6,45.8,76.2,43.8,1.29,1.59,7.67,1.29,931,2.19
2026-04-19T02:42:40.000Z,1.19,63.0,44.7,46.8,76.1,44.2,1.30,1.59,7.80,1.36,948,1.89
2026-04-19T02:42:50.000Z,1.15,64.2,43.5,45.2,76.2,43.9,1.46,1.68,7.73,1.27,953,2.21
2026-04-19T02:43:00.000Z,1.17,64.7,44.0,46.7,76.3,42.8,1.52,1.52,7.83,1.27,952,1.91
2026-04-19T02:43:10.000Z,1.17,63.7,44.2,46.7,76.6,44.2,1.43,1.48,7.86,1.40,941,2.11
2026-04-19T02:43:20.000Z,1.20,62.2,43.6,45.2,76.5,43.9,1.33,1.67,7.88,1.38,921,2.30
2026-04-19T02:43:30.000Z,1.19,62.1,44.9,46.7,76.7,43.4,1.29,1.51,7.89,1.26,934,2.33
2026-04-19T02:43:40.000Z,1.18,64.7,43.7,46.8,76.5,43.1,1.30,1.71,7.95,1.36,951,2.27
2026-04-19T02:43:50.000Z,1.16,64.9,43.5,45.5,76.8,43.3,1.34,1.49,7.98,1.35,926,2.32
2026-04-19T02:44:00.000Z,1.19,63.6,43.9,46.3,76.7,42.6,1.38,1.68,8.05,1.27,933,2.05
2026-04-19T02:44:10.000Z,1.18,64.2,43.5,45.1,76.8,44.3,1.46,1.54,8.06,1.22,934,2.07
2026-04-19T02:44:20.000Z,1.15,64.9,43.6,45.2,76.9,43.2,1.48,1.52,8.07,1.25,953,2.34
2026-04-19T02:44:30.000Z,1.15,64.3,44.0,45.8,77.1,43.8,1.29,1.69,8.08,1.26,925,2.28
2026-04-19T02:44:40.000Z,1.18,63.6,43.2,46.4,77.0,43.7,1.38,1.67,8.22,1.36,936,1.83
2026-04-19T02:44:50.000Z,1.16,64.9,45.0,45.0,77.1,43.1,1.34,1.52,8.19,1.29,922,1.81
2026-04-19T02:45:00.000Z,1.20,64.9,43.3,46.4,77.1,44.1,1.35,1.50,8.32,1.36,927,1.88
2026-04-19T02:45:10.000Z,1.21,64.7,44.3,46.1,77.1,42.5,1.30,1.69,8.25,1.21,936,1.85
2026-04-19T02:45:20.000Z,1.20,62.8,44.5,45.2,77.2,44.5,1.34,1.64,8.37,1.22,958,2.04
2026-04-19T02:45:30.000Z,1.19,64.4,43.6,46.8,77.3,43.9,1.32,1.71,8.39,1.22,949,2.32
2026-04-19T02:45:40.000Z,1.16,62.5,43.2,46.1,77.3,43.9,1.52,1.49,8.44,1.38,937,1.92
2026-04-19T02:45:50.000Z,1.17,63.4,44.7,45.9,77.3,43.0,1.30,1.54,8.46,1.28,924,1.90
2026-04-19T02:46:00.000Z,1.18,64.0,43.5,46.5,77.6,43.5,1.33,1.70,8.45,1.24,951,2.39
2026-04-19T02:46:10.000Z,1.17,64.6,44.5,45.3,77.4,43.4,1.33,1.60,8.59,1.26,942,2.40
2026-04-19T02:46:20.000Z,1.18,64.7,44.0,46.7,77.5,43.1,1.34,1.64,8.56,1.33,956,1.99
2026-04-19T02:46:30.000Z,1.19,62.5,43.5,45.8,77.5,44.1,1.29,1.72,8.59,1.21,939,2.38
